:020000040800F2
:1000000000000820257B0008B51F0008B71F000866
:10001000B91F0008BB1F0008BD1F0008000000003A
:1000200000000000000000000000000091780008BF
:10003000BF1F000800000000317900089579000812
:10004000757B0008757B0008757B0008757B0008D0
:10005000757B0008757B0008757B0008757B0008C0
:10006000757B0008757B0008757B0008757B0008B0
:10007000757B0008C11F0008757B0008D11F0008B0
:10008000757B0008757B0008757B0008757B000890
:10009000757B0008757B0008757B0008757B000880
:1000A000757B0008E11F0008757B0008757B000860
:1000B000757B0008757B0008757B0008757B000860
:1000C000757B0008757B0008757B0008757B000850
:1000D000757B0008757B0008757B0008757B000840
:1000E000757B0008757B0008757B0008757B000830
:1000F000757B0008757B0008757B0008757B000820
:10010000757B0008757B0008757B0008757B00080F
:10011000757B0008757B0008757B0008757B0008FF
:10012000757B0008757B0008757B0008757B0008EF
:10013000757B0008757B0008757B0008757B0008DF
:10014000757B0008757B0008757B0008757B0008CF
:10015000757B0008757B0008757B0008757B0008BF
:10016000757B0008757B0008757B0008757B0008AF
:10017000757B0008757B0008757B00080000000097
:10018000757B0008757B0008757B0008757B00088F
:10019000757B0008757B0008757B0008757B00087F
:1001A000757B0008757B0008757B0008757B00086F
:1001B000757B0008757B0008757B0008757B00085F
:1001C000757B0008757B0008757B0008757B00084F
:1001D000757B0008757B0008757B0008757B00083F
:1001E000F11F00080120000811200008212000084C
:0801F000757B0008757B000817
:10020000034613F8012B002AFBD1181A0138704756
:1002100001F0FF01102A2BDB10F0070F08D010F8B7
:10022000013B013A8B422DD010F0070F42B3F6D1BB
:10023000F0B441EA012141EA014122F007047FF0D4
:1002400000070023F0E80256083C85EA010586EA2B
:10025000010685FA47F5A3FA87F586FA47F6A5FA67
:1002600087F68EB9EED1F0BC01F0FF0102F0070273
:1002700032B110F8013B013A83EA010313B1F8D11E
:100280000020704701387047002D06BF35460338FF
:10029000073815F0010F07D1013015F4807F02BF38
:1002A000013015F4C03F0130F0BC0138704700BF89
:1002B00053B94AB9002908BF00281CBF4FF0FF31CD
:1002C0004FF0FF3000F00CB8ADF1080C6DE904CE32
:1002D00009F0F2FADDF804E0DDE9022304B070472A
:1002E000704700BF0348044B834202D0034B03B165
:1002F00018477047700000207000002000000000C8
:100300000548064B1B1AD90F01EBA301491002D077
:10031000034B03B1184770477000002070000020A5
:100320000000000010B5064C237843B9FFF7DAFF50
:10033000044B13B10448AFF300800123237010BDB8
:100340007000002000000000B09B000808B5054BBD
:100350001BB105490548AFF30080BDE80840FFF731
:10036000CFBF00BF0000000074000020B09B000859
:1003700010B50C4601224FF40051044802F070FF02
:100380002146034807F0BCFC10BD00BF000402403A
:10039000449C000808B50F4807F01AFD00F0D8FC8F
:1003A00060B900F09FF960B900F0D4FA60B900F0CC
:1003B00085F960B9084807F00BFD08BD00F026FE7E
:1003C000EFE700F023FEEFE700F020FEEFE700F09C
:1003D0001DFEEFE7609C00087C9C000800B583B020
:1003E000084800F0BFFB06F06DF901904FF4805112
:1003F000054802F03BFF4FF47A7101A806F074FA49
:10040000F4E700BF909C00080004024078B138B5C2
:100410000D461446074907F03BFD012801D0012095
:1004200038BD2068A84294BF00200120F8E70120D1
:10043000704700BFA09C000870B582B005460E460C
:10044000104601AA012100F00BFD6A4641F28831F5
:10045000FFF7DCFFF8B91D4B188800F08DFA38BBA8
:1004600000984FF47A7303FB00F0194BA3FB0030A4
:10047000800906F091FA154C2368164A3146284641
:1004800007F0AEFC236803F580732360B3F5805F4B
:1004900018D201200AE000240C4B1C6041F2883382
:1004A0000D4A3146284607F09BFC204602B070BD3D
:1004B0000024064B1C60094A3146284607F090FC90
:1004C0002046F3E700202060F0E700BF8C0000200A
:1004D000D34D6210E09C0008A49C0008CC9C00084E
:1004E00078B138B50D461446074907F0D1FC01280C
:1004F00001D0012038BD2068A84294BF002001200F
:10050000F8E70120704700BFF09C000830B583B0C9
:1005100004460D46104601AA012100F0A1FC6A46DE
:1005200040F6FF71FFF7DCFF68B9BDF8000000F08E
:1005300023FA70B9009B0A4A2946204607F050FC6E
:10054000002003B030BD074A2946204607F048FC8A
:10055000F6E7054A2946204607F042FCF0E700BFCF
:10056000289D0008F49C0008CC9C000810B582B0BF
:100570000023019330B10C4601AA094907F088FC19
:10058000012802D0012002B010BD019B5A1E022A90
:1005900004D8DBB2013B23700020F4E70120F2E72E
:1005A000A09C000830B583B004460D46104601AA51
:1005B000012100F055FC6A4640F6E341FFF726FFB3
:1005C00068B9BDF8000000F0EDF980B9009B0B4A56
:1005D0002946204607F004FC002003B030BD40F659
:1005E000E343074A2946204607F0FAFBF4E7054AA9
:1005F0002946204607F0F4FBEEE700BF709D000897
:10060000489D0008CC9C000838B504460D4600F013
:10061000ADF930B9064A2946204607F0E1FB002033
:1006200038BD044A2946204607F0DAFBF7E700BF49
:10063000D09D00088C9D000870B582B005460E461E
:10064000104601AA012100F00BFC0DF10301FFF798
:100650008DFFB0B9154B1C68772C1DD8631C134A4D
:100660001360610089B29DF8030000F019F90028B9
:10067000F0D123460E4A3146284607F0B1FB01204F
:1006800012E00A4B08221A6003230A4A3146284620
:1006900007F0A6FB002007E008221A60064A314650
:1006A000284607F09DFB002002B070BD000000202E
:1006B000049E0008E49D00081C9E000810B500245C
:1006C000042C08D8064B53F8240000F09BFB0128AB
:1006D00003D10134F4E7002010BD0120FCE700BF86
:1006E000BCA4000810B500220121802005F080FB89
:1006F0001A4C2060012005F08EF9194B1860236810
:100700003BB340B3174B5B6FB3B1DB69B3F5807F8D
:1007100017D1144B5B6F5B6ABBB9124803689A69C7
:1007200042F008029A619A6942F010029A6101222D
:100730000D4904F01FFF10BD0C4800F013FA012012
:10074000F9E70B4800F00EFAE3E70A4800F00AFA6E
:10075000E3E70120EFE70120EDE700BF9400002070
:1007600090000020C40F00209800002018A000086E
:1007700054A000088CA00008002918BF002800D150
:10078000704708B564230A460146024804F0A6FDF6
:1007900008BD00BFC40F002038B5002918BF0028CD
:1007A00026D004460D46144B1B6863B106F03CFB93
:1007B000012808D06421104B186805F037F901288A
:1007C00007D0032415E029462046FFF7D5FF002473
:1007D0000FE064232A462146084804F07FFD0446C2
:1007E00000231A4619460448006805F03CF800E06A
:1007F0000124204638BD00BF90000020C40F002017
:1008000060B108B50B460146064A106840B10122A6
:1008100005F029FC012800D0002008BD0020704709
:100820000020FAE79400002000B583B00023019374
:1008300002680E4B1B689A4202D003B05DF804FBBD
:1008400001AB01220A490B48006805F0B4FB019B8B
:10085000002BF2D04FF0E0234FF08052C3F8042D6C
:10086000BFF34F8FBFF36F8FE7E700BFC40F0020C8
:100870009800002094000020012804D0022804D011
:1008800028B904487047044870470448704700205E
:10089000704700BF400C0020EC0B0020980B00209C
:1008A00038B505460C46FFF7E7FF28B10F230222B3
:1008B000214604F029F838BD2946024800F052F9D3
:1008C0000120F8E7E8A00008002918BFB0F5805F14
:1008D00012D200220A8241230B70C0F3032C81F84C
:1008E00001C0C3B28B704320C87081F804C04B7143
:1008F00006230B82104670470120704778B10246EC
:10090000038A0BB90120704700B583B00F21009115
:10091000C021044803F026FF03B05DF804FB01206A
:10092000704700BF400C002010B5094C00224FF466
:100930008061204602F094FC012006F02DF801228F
:100940004FF48061204602F08BFC002010BD00BFF8
:100950000014024008B501224FF48061024802F001
:100960007FFC002008BD00BF0014024008B5C02174
:100970000020FFF795FF08BD00B587B001A9FFF77C
:10098000A3FF18B1012007B05DF804FB01A8FFF731
:10099000B5FF08B10120F6E7FFF7C6FF0028F2D047
:1009A0000120F0E708B540F6E343984201D9012061
:1009B00008BD8002034BA3FB0030C0F34F10FFF7CC
:1009C000DBFFF5E79F00EE09BFF34F8F0549CA68CB
:1009D00002F4E062044B1343CB60BFF34F8F00BFC0
:1009E000FDE700BF00ED00E00400FA05031E04DB94
:1009F00018468B4202D3481E704700207047000003
:100A000008B50B210248FFF7B7FEFFF7DDFF00BF77
:100A100020A50008002918BF002816D038B50446C4
:100A20000D460A4B1B685BB106F0FEF9012807D0A2
:100A300000232A4621460548006805F030FA38BDF3
:100A4000A9B22046FFF798FEF9E770472806002074
:100A5000002918BF00281BD0F8B507460D460D4BDE
:100A60001B6883B106F0E0F901280CD00024AC42E9
:100A70000DD264232A1B3919064E306805F00FFA8F
:100A800028B10444F3E7A9B23846FFF775FEF8BD74
:100A9000704700BF28060020F8B507460D461646E9
:100AA00032462946384600F00DFA04462846FFF73C
:100AB000A7FB01462846FFF7CBFF002CF0D1F8BD7D
:100AC00010B50024042C08D8064B53F8240000F07D
:100AD00099F9012803D10134F4E7002010BD012069
:100AE000FCE700BF2CA5000808B5024A07F078F91A
:100AF000002008BD14A1000810B50446054A07F0FF
:100B00006FF92046FFF77CFB204406F015FB002020
:100B100010BD00BF4CA1000810B50446054A07F0FF
:100B20005FF92046FFF76CFB204406F0A9FA00208D
:100B300010BD00BF68A1000870B582B004460D4624
:100B400006F03EFE064606F041FE00903346044A9B
:100B50002946204607F044F9002002B070BD00BFCE
:100B600084A100080FB430B583B0194B1B682BB3B8
:100B700006F05AF9012818D1002407AB0193154D4E
:100B8000069A4FF48071284607F022FA4FF48071DC
:100B9000FFF72CFF01462846FFF73CFF012C0FD042
:100BA00003B0BDE8304004B070470A21084B186814
:100BB00004F03CFF04460128DFD0F1E70024DCE725
:100BC00000231A4619460248006804F04CFEE7E785
:100BD000240600202405002010B582B004468DF8BC
:100BE000070001210DF10700FFF714FF204602B0B6
:100BF00010BD000000B591B04FF0FF3340226946B0
:100C00000548006805F02FFA0028F5D081B2684643
:100C1000FFF7C2FDF0E700BF2806002030B583B023
:100C20005A212648FFF714FF4FF4806224492548D3
:100C3000FFF732FF02212448FFF70AFF002408E0F3
:100C400002212248FFF704FFECB902211E48FFF7FA
:100C5000FFFE4FF0FF310DF10700FFF7D1FD012836
:100C6000F7D19DF807300A2B18BF0D2BE8D07F2B4A
:100C700018BF082B11D1002CEBD0013C03211448E4
:100C8000FFF7E6FEE5E71348002505554FF48062BF
:100C90000B49FFF701FF2C46D7E7A3F12002D2B2A0
:100CA0005E2AD6D87E2CD4D8651C0A4A1355012159
:100CB0000DF10700FFF7CCFE2C46CAE7B8A10008EB
:100CC0002401002014A200081CA2000810A20008A1
:100CD00020A20008A400002008B501F081FEC0F3A6
:100CE000DB030C4AA2FB03234CF24F32B2EB400F62
:100CF0000AD2DB09013B0848026893620023536271
:100D000002F0F2FD10B908BD0023F4E70348FFF735
:100D100029FFF8E7C55A7C0AA80D002024A2000884
:100D200010B4084B1B685B6A9BB2074A1088181AFC
:100D300006490C6814FA80F0086013805DF8044BD3
:100D4000704700BFA80D0020A00000209C000020DC
:100D500010B5002201214FF4806005F049F8084CDD
:100D60002060012004F057FE064B186023681BB179
:100D700020B1FFF7A5FE10BD0120FCE70120FAE736
:100D80002806002024060020034600E001331A78DC
:100D90000AB1202AFAD10021084601E000210133DE
:100DA0001A7832B1202AF9D00029F8D10130012176
:100DB000F5E7704708B50F4B1B680F4A126893425E
:100DC00007D30C4B1A680C4B1B689A420DD20120BA
:100DD00008BD0A4A52F823305B68094A07F000F858
:100DE000044A136801331360EBE70020014B1860DD
:100DF000EEE700BF30060020340600203806002051
:100E000084A300080346D8B10268DAB14268DAB1B7
:100E10008268DAB10F4A126832B9501C0D49086075
:100E20000D490E4841F822000A4A1268172A0FD8C5
:100E3000501C08490860084941F8223001207047D9
:100E40000020704700207047002070470020704746
:100E500000207047340600203806002090A50008C6
:100E600010B4034614460AB100222260002918BFBC
:100E7000002B25D04FF0000C60460EE001331A78AD
:100E80001AB1202AFAD100E001331A78202AFBD0C7
:100E90002AB10CF1010C61450ED08C45EFD35DF801
:100EA000044B70470132107808B12028FAD12CB1D8
:100EB000D21A22601846F0E71A46F4E71846ECE723
:100EC0000020ECE7002918BF002858D02DE9F84F82
:100ED00005460F469146002A53D02B4BD3F800A06D
:100EE000BAF1000F34D000233B70274B1B689B687E
:100EF0002A46494638469847002843D1224B0022CB
:100F00001A603FE00136214B1B68B34215D9204BD4
:100F100053F826B0DBF800804046FFF771F904462D
:100F200002462946404607F0FBF80028EAD12B5D2F
:100F3000002B18BF202BE5D1DA46BAF1000F09D0FB
:100F40009AF90C40002C0DDA0F4BC3F800A0CAE749
:100F50000026D8E70F4B104A4946384606F040FFB6
:100F600000200FE02846FFF70FFFA042ECD00B4B0C
:100F7000094A4946384606F033FF002002E00020C7
:100F800070470020BDE8F88F2C06002034060020B2
:100F90003806002088A3000884A30008D4A3000812
:100FA00030B585B00024009401940294039401F0BC
:100FB00081F901238DF800308DF8014001941F2242
:100FC0008DF8082087228DF809208DF80A408DF8C9
:100FD0000B408DF80C308DF80D308DF80E408DF8EB
:100FE0000F40684601F084F9042001F071F905B062
:100FF00030BD000008B50268034B9A4200D008BD1E
:1010000001F0E4F8FBE700BF0000014072B6FEE724
:1010100010B594B007AC34220021204607F078F8D0
:10102000002302930393049305930693224B1A6CB7
:1010300042F080521A641B6C03F080530093009BB3
:101040001E4B1A6842F440421A601B6803F4404386
:101050000193019B012307934FF4803308930223EC
:101060000D934FF480020E9204220F92C822109228
:10107000119312931393204601F066F9A8B902F078
:101080000BFBA0B90F2302930223039300230493C5
:101090004FF4A05305934FF480530693062102A802
:1010A00001F0E2FB28B914B010BDFFF7AFFFFFF766
:1010B000ADFFFFF7ABFF00BF0038024000700040FB
:1010C00008B5FFF76DFF01F075F8FFF7A1FF00F01D
:1010D00025F800F0A7F900F0C7F900F0E9F900F0F1
:1010E0000BFA00F0E7FA00F03FFB00F069FB00F0BC
:1010F00093FB00F069FC00F08DFC00F08FFD00F028
:1011000003FE00F01DFE00F037FE00F007FDFFF7C4
:1011100041F900F031F906F0F1F9FEE72DE9F04F61
:1011200091B00BAD00240B946C60AC60EC602C6152
:101130007D4B1A6B42F010021A631A6B02F0100218
:101140000192019A1A6B42F020021A631A6B02F0A4
:1011500020020292029A1A6B42F080021A631A6B02
:1011600002F080020392039A1A6B42F001021A63A2
:101170001A6B02F001020492049A1A6B42F0040204
:101180001A631A6B02F004020592059A1A6B42F078
:1011900002021A631A6B02F002020692069A1A6B96
:1011A00042F480721A631A6B02F480720792079AF3
:1011B0001A6B42F400721A631A6B02F400720892FE
:1011C000089A1A6B42F040021A631A6B02F040024E
:1011D0000992099A1A6B42F008021A631B6B03F01A
:1011E00008030A930A9BDFF85CB122464FF47C4166
:1011F000584602F035F8DFF850A122461F2150462C
:1012000002F02EF8DFF8448122460121404602F028
:1012100027F8464F22464FF43041384602F020F876
:10122000DFF82C9122464FF47F41484602F018F82F
:101230004FF47C430B9301260C960D940E94294693
:10124000584601F00BFF4FF40C730B930C940D9464
:101250002946374801F002FF07230B930C940D94A5
:101260002946384601F0FAFE4FF400430B930C94E4
:101270000D9429462F4801F0F1FE1F230B930C9685
:101280000D940E942946504601F0E8FE0B960C96FC
:101290000D940E942946404601F0E0FE02230B9384
:1012A0000C940D942946404601F0D8FE4FF47E433D
:1012B0000B930C940D9429461F4801F0CFFE4FF478
:1012C000F0530B930C940D9429461C4801F0C6FE74
:1012D0004FF430430B930C960D940E9429463846E8
:1012E00001F0BCFE4FF480430B934FF488130C9332
:1012F0000D942946384601F0B1FE4FF47F430B931D
:101300000C960D940E942946484601F0A7FE4FF422
:10131000C0630B930C940D942946094801F09EFE7E
:1013200011B0BDE8F08F00BF003802400004024059
:10133000000802400020024000100240001C024051
:101340000000024000140240002402400018024045
:10135000000C024008B5012006F008F9FBE7000088
:10136000034B0360034B0B604FF4807313607047B3
:10137000980A00209806002010B59CB0244C0DF16E
:10138000540CA646BEE80F00ACE80F009EE807002C
:101390008CE80700002115A806F0B5F81D4B186071
:1013A0000DF1380C04F11C0EBEE80F00ACE80F0084
:1013B0009EE807008CE8070000210EA806F0A3F8BD
:1013C000154B18600DF11C0C04F1380EBEE80F002F
:1013D000ACE80F009EE807008CE80700002107A892
:1013E00006F091F80D4B1860EE4604F1540CBCE881
:1013F0000F00AEE80F009CE807008EE80700002110
:10140000684606F080F8064B18601CB010BD00BF9F
:10141000C89B0008040B0020000B0020FC0A0020E1
:10142000F80A002000B583B00E4B1A6B42F400128C
:101430001A631B6B03F400130193019B0022052127
:101440000D2000F019FF0D2000F026FF00220521DD
:101450000F2000F011FF0F2000F01EFF03B05DF819
:1014600004FB00BF0038024008B50F480F4B036073
:1014700005234360002383604FF04072C2604FF445
:10148000402202614FF4A0024261037601224276BB
:101490008276C2760377437702F0CDFD00B908BDAE
:1014A000FFF7B4FDFBE700BF5C0B002000640040C9
:1014B00008B50F480F4B036005234360002383608A
:1014C0004FF04072C2604FF4402202614FF4A0021C
:1014D00042610376012242768276C27603774377B1
:1014E00002F0A9FD00B908BDFFF790FDFBE700BFC2
:1014F000340B00200068004008B50C480C4B03601A
:101500000A23436000238360C3604FF4E02202613A
:101510004361037643768376C3760377437702F09D
:101520008AFD00B908BDFFF771FDFBE70C0B002039
:101530000034004000B58DB0002307930893099351
:101540000A930B930368544A934208D0534A934238
:101550002ED0534A93425DD00DB05DF804FB514A42
:10156000136801331360012B17D04F4B1A6B42F0F5
:1015700001021A631B6B03F001030193019B4FF4FB
:10158000C05307930223089303230A9309230B9361
:1015900007A9464801F062FDDEE7434B1A6C42F0B2
:1015A00000721A641B6C03F000730093009BDCE76D
:1015B0003D4B1A6C42F080621A641B6C03F080632E
:1015C0000293029B374A136801331360012B16D034
:1015D000354B1A6B42F002021A631B6B03F00203D5
:1015E0000493049B602307930223089303230A9325
:1015F00009230B9307A92E4801F030FDACE72A4BD5
:101600001A6C42F000721A641B6C03F000730393AF
:10161000039BDDE7244B1A6C42F400521A641A6CE7
:1016200002F400520592059A1A6B42F001021A6305
:101630001B6B03F001030693069B4FF401430793D2
:101640000223089303230A930B230B9307A917483C
:1016500001F004FD00220521682000F00DFE682045
:1016600000F01AFE00220521692000F005FE692025
:1016700000F012FE002205216A2000F0FDFD6A2024
:1016800000F00AFE002205216B2000F0F5FD6B2022
:1016900000F002FE60E700BF006400400068004008
:1016A00000340040080B00200038024000000240D7
:1016B0000004024000B583B000230093019310485A
:1016C000104B036003F02CFA80B9002200920192C3
:1016D00069460B4803F036FA58B9102269460848A3
:1016E00003F030FA40B903B05DF804FBFFF78EFC5D
:1016F000EBE7FFF78BFCF0E7FFF788FCF3E700BFB1
:10170000840B00200074004000B589B000230393CF
:1017100004930593069307930268114B9A4202D0F3
:1017200009B05DF804FB03F5E2331A6C42F0005295
:101730001A641A6C02F000520192019A1A6B42F07C
:1017400001021A631B6B03F001030293029B302317
:1017500003930323049303A9024801F07FFCDFE70E
:10176000007400400000024008B51248124B0360AC
:10177000124B4360002383600122C2600361436116
:101780008361C361036202F089FF50B900210948F7
:1017900003F06EF940B90021064803F096F930B91C
:1017A00008BDFFF733FCF1E7FFF730FCF3E7FFF785
:1017B0002DFCF5E7400C002000540040FFEAC0007B
:1017C00008B51248124B0360124B4360002383603C
:1017D0000122C260036143618361C361036202F05D
:1017E0005DFF50B90021094803F042F940B90021DA
:1017F000064803F06AF930B908BDFFF707FCF1E7C6
:10180000FFF704FCF3E7FFF701FCF5E7EC0B002022
:1018100000580040FFEAC00008B51248124B0360B0
:10182000124B4360002383600122C2600361436165
:101830008361C361036202F031FF50B9002109489E
:1018400003F016F940B90021064803F03EF930B91B
:1018500008BDFFF7DBFBF1E7FFF7D8FBF3E7FFF786
:10186000D5FBF5E7980B0020005C0040FFEAC000C4
:1018700010B5B0B0044600212B912C912D912E91E2
:101880002F91902207A806F043FC2368474A934211
:1018900007D0474A934231D0464A934259D030B09C
:1018A00010BD4FF48043079307A801F0D7F810BB91
:1018B000414C236B43F002032363236B03F00203C9
:1018C0000193019B4FF440732B9312232C9300231D
:1018D0002D9303232E9304232F932BA9374801F034
:1018E000BDFB236C43F400132364236C03F4001347
:1018F0000293029BD3E7FFF789FBD9E74FF400433C
:10190000079307A801F0AAF800BB2B4C236B43F008
:1019100020032363236B03F020030393039B032320
:101920002B9312222C9200222D922E9304232F937C
:101930002BA9234801F092FB236C43F4800323641A
:10194000236C03F480030493049BA8E7FFF75EFB7A
:10195000DBE74FF48033079307A801F07FF810BB53
:10196000154C236B43F080032363236B03F0800348
:101970000593059B4FF4C0732B9312232C930023E4
:101980002D9303232E9304232F932BA90D4801F0AD
:1019900065FB236C43F400032364236C03F400030E
:1019A0000693069B7BE7FFF731FBD9E70054004025
:1019B00000580040005C0040003802400004024033
:1019C00000140240001C024008B51048104B036090
:1019D0004FF482734360002383604FF4E062C2607F
:1019E000036143614FF4802282612822C261036255
:1019F000436283620722C26203630823436303F0E6
:101A0000D2F800B908BDFFF701FBFBE7F80C002096
:101A10000034014008B51048104B03604FF4827346
:101A20004360002383604FF4E062C260036143615E
:101A30004FF4802282612822C26103624362836282
:101A40000722C26203630823436303F0ACF800B9C2
:101A500008BDFFF7DBFAFBE7940C002000500140C3
:101A600000B58BB000230593069307930893099361
:101A70000368254A934205D0244A934222D00BB0F2
:101A80005DF804FB224B5A6C42F400525A645A6CC3
:101A900002F400520192019A1A6B42F010021A638A
:101AA0001B6B03F010030293029B74230593022324
:101AB0000693032308930523099305A9154801F00C
:101AC000CDFADCE7124B5A6C42F480125A645A6C1D
:101AD00002F480120392039A1A6B42F020021A63F6
:101AE0001B6B03F020030493049B4FF47073059366
:101AF00002230693032308930523099305A90648A7
:101B000001F0ACFABBE700BF0034014000500140D7
:101B100000380240001002400014024000B585B0B9
:101B200000230193029303930E480F4A026043601F
:101B300083604FF6FF72C260836102F0ABF850B968
:101B400000230193039301A9064802F0D9F928B9AB
:101B500005B05DF804FBFFF759FAF1E7FFF756FA15
:101B6000F6E700BFA80D0020001400400268094BF2
:101B70009A4200D0704782B003F509331A6C42F0E4
:101B800020021A641B6C03F020030193019B02B036
:101B9000704700BF001400400268094B9A4200D011
:101BA000704782B003F59A335A6C42F002025A64CD
:101BB0005B6C03F002030193019B02B0704700BF0E
:101BC0000004014000B587B0002301930293039302
:101BD00004930593026803F1804303F582339A422C
:101BE00002D007B05DF804FB03F59A331A6B42F09C
:101BF00004021A631B6B03F004030093009B4FF471
:101C0000E07301930223029304930323059301A934
:101C1000014801F023FAE4E70008024010B596B04D
:101C200000241394149415940C940D940E940F9412
:101C30001094119412942C22214601A806F068FAFF
:101C40002F48304B0360446084604FF6FF73C360DD
:101C500004614461846102F04DF800283DD1002305
:101C600013931493159313A9254802F049F90028FA
:101C700036D160230C9300220D920E920F92109297
:101C8000119212920CA91E4802F09CF858BB042233
:101C90000CA91B4802F096F840BB08220CA9184872
:101CA00002F090F828BB002301930293039304935E
:101CB00005934FF400520692079308934FF0007279
:101CC00009920A930B9301A90D4802F069F998B99A
:101CD0000B48FFF777FF16B010BDFFF797F9BEE787
:101CE000FFF794F9C5E7FFF791F9D0E7FFF78EF911
:101CF000D3E7FFF78BF9D6E7FFF788F9E8E700BFEE
:101D00005C0D00200004014008B50B480B4B03603C
:101D10004FF4E133436000238360C36003610C220E
:101D200042618361C3610362436203F09DFB00B9BA
:101D300008BDFFF76BF9FBE7C40F0020004C004023
:101D400008B50B480B4B03604FF4E13343600023AD
:101D50008360C36003610C2242618361C3610362DB
:101D6000436203F081FB00B908BDFFF74FF9FBE7C1
:101D70003C0F00200078004008B50B480B4B036077
:101D80004FF4E133436000238360C36003610C229E
:101D900042618361C3610362436203F065FB00B982
:101DA00008BDFFF733F9FBE7B40E00200048004000
:101DB0002DE9F041B0B0044600212B912C912D91DA
:101DC0002E912F91902207A806F0A2F923686E4A5F
:101DD000934209D06D4A93426AD06D4A934200F013
:101DE000948030B0BDE8F0814FF40073079307A8EA
:101DF00000F034FE002852D1664B1A6C42F40022E7
:101E00001A641A6C02F400220192019A1A6B42F0D1
:101E100080021A631B6B03F080030293029B4FF452
:101E2000C0432B9302232C9300252D9503232E933F
:101E300008232F932BA9584801F010F95748584B05
:101E400003604FF0006343608560C5604FF48063BA
:101E50000361456185614FF48073C361056245622A
:101E600001F08AFAF0B94D4B63679C634D484E4BC5
:101E700003604FF000634360402383600023C3602E
:101E80004FF48062026143618361C3610362436214
:101E900001F072FA48B9434B23679C63A1E7FFF74F
:101EA000B5F8A9E7FFF7B2F8DDE7FFF7AFF8F2E71B
:101EB0004FF48053079307A800F0D0FD10BB354BBB
:101EC0001A6C42F080421A641A6C02F0804203924B
:101ED000039A1A6B42F010021A631B6B03F0100393
:101EE0000493049B4FF4C0732B9302232C93002381
:101EF0002D9303232E9308232F932BA92B4801F016
:101F0000ADF86EE7FFF782F8D9E74FF480730793D7
:101F100007A800F0A3FD002833D11E4B1A6C42F431
:101F200080221A641A6C02F480220592059A1A6BB8
:101F300042F002021A631B6B03F002030693069B36
:101F40004FF480632B934FF00208CDF8B08000234C
:101F50002D9303272E9707262F962BAD144C294639
:101F6000204601F07BF84FF400632B93CDF8B0804E
:101F700001232D932E972F962946204601F06EF8C7
:101F80002FE7FFF743F8C8E7004C00400078004017
:101F90000048004000380240001C0240540E00205F
:101FA00040600240F40D00207060024000100240CA
:101FB00000040240FEE7FEE7FEE7FEE7FEE77047AB
:101FC00008B5024801F07AFA08BD00BF540E00209F
:101FD00008B5024801F072FA08BD00BFF40D0020F8
:101FE00008B5024801F00EFD08BD00BF4C100020EE
:101FF00008B5024802F0D2F808BD00BF0C0B002063
:1020000008B5024802F0CAF808BD00BF0C0B00205A
:1020100008B5024802F0C2F808BD00BF0C0B002052
:1020200008B5024802F0BAF808BD00BF0C0B00204A
:1020300000B583B00D4B1A6C42F080521A641A6CD2
:1020400002F080520092009A5A6C42F480425A6424
:102050005B6C03F480430193019B00220F216FF01E
:10206000010000F009F903B05DF804FB00380240FC
:1020700030B589B004461E4B5A6C42F001025A64D6
:102080005B6C03F001030193019B02A903A800F01C
:10209000C7FC00F0B5FC4300164AA2FB03239B0CCF
:1020A000013B1548154A026040F2E732C2604360C6
:1020B000002303618360836101F0ECFD054610B1EC
:1020C000284609B030BD0C4801F050FC05460028F8
:1020D000F6D1192000F0E0F80F2C01D90125EFE727
:1020E00000222146192000F0C7F8054B1C60E7E7E5
:1020F0000038024083DE1B434C10002000000140EA
:102100000C000020034AD2F8883043F47003C2F870
:102110008830704700ED00E070B50C46164600258B
:1021200006E0AFF30080214601F8010B01350C46B3
:10213000B542F6DB304670BD70B50C46164600253C
:1021400004E014F8010BFEF747FD0135B542F8DB5A
:10215000304670BD4FF0FF3070474FF400534B6076
:1021600000207047012070470020704710B50346DB
:102170000C4A0D490D48006840B10C480068034402
:10218000521A934206D8094A136010BD0748084CFA
:102190000460F2E706F01CF80C2303604FF0FF30F8
:1021A000F3E700BF000008200004000098100020A2
:1021B00090D6002008B5032000F04CF80F20FFF760
:1021C00057FFFFF735FF002008BD0000034A1168E4
:1021D000034B1B780B441360704700BF9C1000201A
:1021E00008000020014B1868704700BF9C100020B9
:1021F000002804DB0901C9B2044B1954704700F0F0
:102200000F000901C9B2024B1954704700E400E005
:1022100014ED00E000B500F00700C0F1070CBCF1C0
:10222000040F28BF4FF0040C031D062B0FD9C31E4B
:102230004FF0FF3E0EFA0CF021EA000199400EFA31
:1022400003FE22EA0E0241EA02005DF804FB0023CD
:10225000EEE700000649CB6823F4E0631B041B0C87
:10226000000200F4E0600343024A1A43CA60704768
:1022700000ED00E00000FA0510B50446054BD868F3
:10228000C0F30220FFF7C6FF01462046FFF7B0FF6C
:1022900010BD00BF00ED00E0002807DB00F01F02CA
:1022A000400901239340024A42F82030704700BFA2
:1022B00000E100E0BFF35F8F044B5A6A22F48032E2
:1022C0005A620022C3F89420704700BF00ED00E07E
:1022D00040F00100054BC3F894005A6A42F4803282
:1022E0005A62BFF34F8FBFF36F8F704700ED00E06E
:1022F0004378144AC2F89830D2F8A03023F0010392
:10230000C2F8A0304368C2F89C30017BC37A1B0638
:1023100043EA0173817A43EAC143417B43EA814343
:10232000817B43EA4143C17B43EA0143417A43EA6B
:102330000123017A43EA410301780B43C2F8A0303C
:10234000704700BF00ED00E0002800F0068270B585
:1023500082B00446036813F0010F29D0954B9B68A7
:1023600003F00C03042B1AD0924B9B6803F00C0370
:10237000082B0FD06368B3F5803F40D0002B54D1B9
:102380008C4B1A6822F480321A601A6822F4802278
:102390001A6039E0874B5B6813F4800FEAD0854BF5
:1023A0001B6813F4003F03D06368002B00F0D78153
:1023B000236813F0020F74D07E4B9B6813F00C0F50
:1023C0005ED07C4B9B6803F00C03082B53D0E36872
:1023D000002B00F08980774A136843F001031360F3
:1023E000FFF700FF0546734B1B6813F0020F72D115
:1023F000FFF7F8FE401B0228F5D90320B4E16D4A2F
:10240000136843F48033136063682BB3FFF7EAFE6D
:102410000546684B1B6813F4003FC9D1FFF7E2FE85
:10242000401B6428F5D903209EE1B3F5A02F09D005
:10243000604B1A6822F480321A601A6822F48022F3
:102440001A60E1E75B4B1A6842F480221A601A684E
:1024500042F480321A60D7E7FFF7C4FE0546554BB9
:102460001B6813F4003FA3D0FFF7BCFE401B642899
:10247000F5D9032078E14F4B5B6813F4800FA6D1A8
:102480004C4B1B6813F0020F03D0E368012B40F0A4
:102490006881484A136823F0F803216943EAC103BD
:1024A0001360236813F0080F46D0636983B3414A71
:1024B000536F43F001035367FFF794FE05463D4B0E
:1024C0005B6F13F0020F37D1FFF78CFE401B022821
:1024D000F5D9032048E1374A136823F0F80321694E
:1024E00043EAC1031360DCE7324A136823F00103B7
:1024F0001360FFF777FE05462E4B1B6813F0020FA3
:10250000CFD0FFF76FFE401B0228F5D903202BE147
:10251000284A536F23F001035367FFF763FE054614
:10252000244B5B6F13F0020F06D0FFF75BFE401BDE
:102530000228F5D9032017E1236813F0040F7DD09A
:102540001C4B1B6C13F0805F1ED11A4B1A6C42F0AF
:1025500080521A641B6C03F080530193019B012588
:10256000154B1B6813F4807F10D0A368012B25D076
:10257000002B3BD10F4B1A6F22F001021A671A6F22
:1025800022F004021A671EE00025E9E70A4A1368F0
:1025900043F480731360FFF725FE0646064B1B6865
:1025A00013F4807FE1D1FFF71DFE801B6428F5D96D
:1025B0000320D9E00038024000700040724A136FD7
:1025C00043F001031367A36833B3FFF70BFE06461E
:1025D0006D4B1B6F13F0020F2FD1FFF703FE801B13
:1025E00041F288339842F3D90320BDE0052B09D08E
:1025F000654B1A6F22F001021A671A6F22F004026B
:102600001A67E0E7604B1A6F42F004021A671A6F0C
:1026100042F001021A67D6E7FFF7E4FD06465A4B7F
:102620001B6F13F0020F08D0FFF7DCFD801B41F297
:1026300088339842F3D9032096E0FDB9A369002BB3
:1026400000F09180504A926802F00C02082A59D09A
:10265000022B19D04C4A136823F080731360FFF7E4
:10266000C1FD0446484B1B6813F0007F48D0FFF7BC
:10267000B9FD001B0228F5D9032075E0424A136C0E
:1026800023F080531364D9E73F4A136823F0807323
:102690001360FFF7A7FD05463B4B1B6813F0007F57
:1026A00006D0FFF79FFD401B0228F5D903205BE011
:1026B000E369226A1343626A43EA8213A26A5208F8
:1026C000013A43EA0243E26A43EA0263226B43EAC5
:1026D00002732D4A5360136843F080731360FFF751
:1026E00081FD0446284B1B6813F0007F06D1FFF7DD
:1026F00079FD001B0228F5D9032035E0002033E0E6
:10270000002031E0204A5268012B2FD002F48003D0
:10271000E1698B422CD102F03F03216A8B4229D11F
:10272000616A47F6C0731340B3EB811F24D102F4F2
:102730004031A36A5B08013BB1EB034F1ED102F0AD
:102740007063E16AB3EB016F1AD102F0E042236BD0
:10275000B2EB037F16D1002006E001207047012074
:1027600002E0012000E0002002B070BD0120FBE784
:102770000120F9E70120F7E70120F5E70120F3E761
:102780000120F1E70120EFE70038024008B5334BA4
:102790009B6803F00C03042B5BD0082B5BD12F4B01
:1027A0005A6802F03F025B6813F4800F2CD02B4B69
:1027B0005868C0F388104FEA401CBCEB000C6EEB6D
:1027C0000E0E4FEA8E1343EA9C634FEA8C11B1EB75
:1027D0000C0163EB0E03DB0043EA5173C90011EBFC
:1027E000000C43F10003590200234FEA4C2041EA58
:1027F000DC51FDF75DFD194B5B68C3F30143013309
:102800005B00B0FBF3F008BD144B5868C0F38810B0
:102810004FEA401CBCEB000C6EEB0E0E4FEA8E1321
:1028200043EA9C634FEA8C11B1EB0C0163EB0E039E
:10283000DB0043EA5173C90011EB000C43F10003C4
:10284000990200234FEA8C2041EA9C51FDF730FDAC
:10285000D1E70348D7E70348D5E700BF0038024077
:1028600000127A000024F400002800F0A08070B567
:102870000D460446524B1B6803F00F038B420BD2EC
:102880004F4A136823F00F030B431360136803F0E0
:102890000F038B4240F08D80236813F0020F17D096
:1028A00013F0040F04D0474A936843F4E053936055
:1028B000236813F0080F04D0424A936843F460433E
:1028C0009360404A936823F0F003A1680B43936040
:1028D000236813F0010F31D06368012B20D0022B45
:1028E00025D0384A126812F0020F64D035498A6840
:1028F00022F0030213438B60FFF774FC0646314B52
:102900009B6803F00C036268B3EB820F16D0FFF7ED
:1029100069FC801B41F288339842F0D9032045E0DE
:10292000284A126812F4003FE0D101203EE0254A17
:10293000126812F0007FD9D1012037E0204B1B68CC
:1029400003F00F03AB420AD91D4A136823F00F03AB
:102950002B431360136803F00F03AB422DD12368A0
:1029600013F0040F06D0174A936823F4E053E1688C
:102970000B439360236813F0080F07D0114A936844
:1029800023F46043216943EAC1039360FFF7FEFE2D
:102990000C4B9B68C3F303130B4AD35CD8400B4B1F
:1029A00018600B4B1868FFF763FB002070BD012017
:1029B00070470120FAE70120F8E70120F6E700BFA1
:1029C000003C024000380240ACA500080400002092
:1029D0000C000020014B1868704700BF0400002065
:1029E00008B5FFF7F7FF044B9B68C3F38223034A44
:1029F000D35CD84008BD00BF00380240A4A5000841
:102A000008B5FFF7E7FF044B9B68C3F34233034A63
:102A1000D35CD84008BD00BF00380240A4A5000820
:102A20000F2303600B4B9A6802F0030242609A681E
:102A300002F0F00282609A6802F4E052C2609B6881
:102A4000DB0803F4E0530361034B1B6803F00F033F
:102A50000B60704700380240003C0240F0B583B084
:102A60000446066816F001060DD0B54B9A6822F4AC
:102A700000029A609A68416B0A439A60436B002B8C
:102A800000F067810026256815F4002511D0AC4AB6
:102A9000D2F88C3023F44013E16B0B43C2F88C3036
:102AA000E36BB3F5801F00F05681002B00F05581D9
:102AB0000025236813F4801F0FD0A14AD2F88C3070
:102AC00023F44003216C0B43C2F88C30236CB3F524
:102AD000800F00F0448103B90125236813F0807F43
:102AE00000D0012613F0200F40F03B81236813F043
:102AF000100F0CD0924BD3F88C2022F08072C3F8C8
:102B00008C20D3F88C20A16B0A43C3F88C20236857
:102B100013F4804F08D08A4AD2F8903023F440331F
:102B2000616E0B43C2F89030236813F4004F08D055
:102B3000834AD2F8903023F44023A16E0B43C2F8AD
:102B40009030236813F4803F08D07D4AD2F890304B
:102B500023F44013E16E0B43C2F89030236813F462
:102B6000003F08D0764AD2F8903023F44003216F1A
:102B70000B43C2F89030236813F0400F08D0704A1E
:102B8000D2F8903023F00303616C0B43C2F890300D
:102B9000236813F0800F08D0694AD2F8903023F0F0
:102BA0000C03A16C0B43C2F89030236813F4807FB0
:102BB00008D0634AD2F8903023F03003E16C0B4325
:102BC000C2F89030236813F4007F08D05C4AD2F832
:102BD000903023F0C003216D0B43C2F8903023687E
:102BE00013F4806F08D0564AD2F8903023F4407323
:102BF000616D0B43C2F89030236813F4006F08D066
:102C00004F4AD2F8903023F44063A16D0B43C2F8D1
:102C10009030236813F4805F08D0494AD2F890308E
:102C200023F44053E16D0B43C2F89030236813F452
:102C3000005F08D0424AD2F8903023F44043216E1E
:102C40000B43C2F89030236813F4800F08D03C4A3D
:102C5000D2F8903023F08063A16F0B43C2F890301C
:102C6000236813F4001F0DD0354AD2F8903023F0BA
:102C70000063E16F0B43C2F89030E36FB3F1006F74
:102C800000F0D580236813F0080F00D0012513F45D
:102C9000802F08D02A4AD2F8903023F04073616F19
:102CA0000B43C2F89030236813F4000F09D0244A74
:102CB000D2F8903023F08053D4F880100B43C2F840
:102CC0009030236813F0806F09D01D4AD2F89030FD
:102CD00023F00053D4F884100B43C2F890302368DB
:102CE00013F0006F09D0164AD2F88C3023F000732D
:102CF000D4F888100B43C2F88C30236813F0805F3F
:102D000009D00F4AD2F88C3023F08063D4F88C10AD
:102D10000B43C2F88C3026B9236813F0007F00F013
:102D20000681074A136823F080631360FFF75AFA9D
:102D30000646034B1B6813F0006F7AD002E000BF19
:102D400000380240FFF74EFA801B6428F1D90320B7
:102D5000F0E0012697E60126A7E60125A9E601266F
:102D6000B9E67F4B1A6C42F080521A641B6C03F078
:102D700080530193019B7B4A136843F48073136073
:102D8000FFF730FA0746774B1B6813F4807F06D1B4
:102D9000FFF728FAC01B6428F5D90320CAE0704B5E
:102DA0001B6F13F4407315D0226B02F440729A42E9
:102DB00010D06B4B1A6F22F44072196F41F48031BE
:102DC0001967196F21F4803119671A671B6F13F0A7
:102DD000010F12D1236B03F44072B2F5407F1DD076
:102DE0005F4A936823F4F81393605D490B6F226B7D
:102DF000C2F30B0213430B6778E6FFF7F3F90746BC
:102E0000574B1B6F13F0020FE4D1FFF7EBF9C01B18
:102E100041F288339842F3D903208BE0504882680E
:102E200022F4F812504919400A438260DDE7012577
:102E300028E7236813F0010F13D0636B8BB9484A5E
:102E4000D2F88430D2F88410606803F4403343EA47
:102E5000801301F070610B43A16843EA0173C2F86B
:102E60008430236813F4002F03D0E26BB2F5801F87
:102E700006D013F4801F1ED0236CB3F5800F1AD137
:102E8000374AD2F88430D2F88410606803F44033B3
:102E900043EA8013E06843EA006301F0E0410B433A
:102EA000C2F88430D2F88C3023F01F03616A0139F4
:102EB0000B43C2F88C30236813F0807F11D0284A6E
:102EC000D2F88400D2F88410666823691B0443EAB0
:102ED000861300F07060034301F0E0410B43C2F839
:102EE0008430236813F0007F0DD0626823691B04CF
:102EF00043EA8213E26843EA0263A26843EA027388
:102F0000174AC2F88430164A136843F0806313608E
:102F1000FFF768F90646124B1B6813F0006F06D1E5
:102F2000FFF760F9801B6428F5D9032002E0012D2A
:102F300002D0002003B0F0BD094A136823F080538B
:102F40001360FFF74FF90546054B1B6813F0005F50
:102F50000CD0FFF747F9401B6428F5D90320E9E7B7
:102F60000038024000700040FFFCFF0F236813F49C
:102F7000002F01D0E26B22B113F4801F1DD0236C0F
:102F8000DBB9354AD2F88830D2F88810606903F48A
:102F9000403343EA8013A06943EA006301F0E04153
:102FA0000B43C2F88830D2F88C3023F4F853A16A6E
:102FB000013943EA0123C2F88C30236813F4001F5F
:102FC00003D0E36FB3F1006F31D0236813F0080F23
:102FD00019D0214AD2F88810D2F88830606903F4F9
:102FE000403343EA801301F070610B43E16943EA27
:102FF0000173C2F88830D2F88C3023F44033E16A90
:103000000B43C2F88C30144A136843F080531360AA
:10301000FFF7E8F80446104B1B6813F0005F19D166
:10302000FFF7E0F8001B6428F5D9032082E70A4A7D
:10303000D2F88800D2F888106569236A1B0443EA35
:10304000851300F07060034301F0E0410B43C2F8C8
:103050008830BAE700206DE70038024000230F2BCC
:1030600000F2F48070B582B066E085684FEA430EE6
:10307000032404FA0EF425EA0405CC6804FA0EF4DD
:103080002C438460446824EA02044A68C2F30012B4
:103090009A40224342605DE0DC08083450F8242066
:1030A00003F00705AD004FF00F0E0EFA05FE22EA01
:1030B0000E0E0A69AA4042EA0E0240F824205DE0A2
:1030C000092200E0002202FA0EF22A430234604D87
:1030D00045F824205F4A94686FEA0C0224EA0C0544
:1030E0004E6816F4801F01D04CEA0405594CA560C7
:1030F000E46802EA04054E6816F4001F01D04CEAA9
:103100000405544CE560646802EA04054E6816F450
:10311000003F01D04CEA04054E4C65602468224013
:103120004D6815F4803F01D04CEA0402494C2260FE
:1031300001330F2B00F2888001229A400C6804EAC8
:10314000020C32EA0404F3D14C6804F00304013C9D
:10315000012C8AD94A6802F00302032A09D0C46804
:103160005D000322AA4024EA02048A68AA4022439E
:10317000C2604A6802F00302022A8DD004684FEA56
:10318000430E032202FA0EF224EA02044A6802F015
:10319000030202FA0EF2224302604A6812F4403F30
:1031A000C6D02D4A546C44F480445464526C02F4EA
:1031B00080420192019A9C08A51C254A52F825508C
:1031C00003F0030E4FEA8E0E0F2202FA0EF225EAEA
:1031D0000205224A90423FF475AF02F580629042A8
:1031E00022D002F58062904220D002F580629042A7
:1031F0001ED002F5806290421CD002F5806290429F
:103200001AD002F58062904218D002F58062904296
:1032100016D002F58062904214D002F5806290428E
:103220003FF44EAF0A224EE701224CE702224AE762
:10323000032248E7042246E7052244E7062242E744
:10324000072240E708223EE702B070BD704700BF8A
:1032500000380140003C01400038024000000240BC
:103260000AB181617047090481617047436901EACD
:10327000030221EA030141EA02418161704730B44F
:1032800005682C6824F480242C60046863608368DB
:10329000402B05D0036899600368DA6030BC704742
:1032A00003689A600368D960F8E7000010B4036807
:1032B000D9B210390A4AA2FB01421209094CA25C98
:1032C000C2655F2907D96FF3090304338365806DF5
:1032D0005DF8044B70476FF309038365F7E700BFA0
:1032E000ABAAAAAABCA50008836A826992B9012B7D
:1032F0000AD0022B02D00BB100207047C36A13F032
:10330000807F28D100207047C36AB3F1C07F24D0EA
:1033100000207047B2F5005F09D0022B25D9032B9E
:1033200025D1C36A13F0807F23D100207047032B7F
:1033300003D8DFE803F01404140A00207047C36ABE
:1033400013F0807F0DD100207047C36AB3F1C07FB6
:1033500009D00020704701207047012070470120EC
:1033600070470120704701207047012070470020FE
:10337000704701207047000070B50446FEF732FF29
:10338000002C5CD00546022384F83530002384F8F5
:1033900034302268136823F00103136023681A682D
:1033A00012F0010F0AD0FEF71DFF431B052BF5D9C4
:1033B00020236365032084F8350070BD1A68214915
:1033C00011406268A0680243E0680243206902433A
:1033D00060690243A0690243E0690243206A024334
:1033E0000A43616A04291ED01A602668756925F0AF
:1033F0000705636A1D43042B07D1A36A1D43E36AD3
:103400001BB12046FFF770FF90B975612046FFF7AA
:103410004DFFE26D3F2393408360002060650123F0
:1034200084F83530C9E7E16A206B01430A43DBE7E2
:1034300040236365002384F835300120BDE7012077
:10344000BBE700BF3F8010E038B50446856D90F8BB
:10345000340001282FD0012084F8340094F835007E
:10346000012804D0002384F83430022038BD022023
:1034700084F83500002060652046FFF700FFE26D0C
:103480003F239340AB602268136843F01603136038
:103490002268536943F080035361236C23B122688F
:1034A000136843F0080313602268136843F00103B4
:1034B00013600020DAE70220D8E70000F0B583B0FF
:1034C000044600230193724B1D68724BA3FB053524
:1034D000AD0A876D3E68C26D08239340334210D019
:1034E00003681A6812F0040F0BD01A6822F0040265
:1034F0001A60C26D08239340BB60436D43F0010323
:103500004365E26D01239340334209D0226852693A
:1035100012F0800F04D0BB60636D43F0020363655B
:10352000E26D04239340334209D02268126812F0FE
:10353000020F04D0BB60636D43F004036365E26D6A
:1035400010239340334224D02268126812F0080FEF
:103550001FD0BB6023681A6812F4802F0DD01B683F
:1035600013F4002F04D1236C9BB12046984710E040
:10357000A36C73B1204698470BE01A6812F4807F61
:1035800003D11A6822F008021A60236C0BB120469E
:103590009847E26D20239340334254D0226812684A
:1035A00012F0100F4FD0BB6094F83530052B0ED0C1
:1035B00023681A6812F4802F33D01B6813F4002F8D
:1035C0002AD1636C002B3ED0204698473BE022680E
:1035D000136823F0160313602268536923F08003F5
:1035E0005361236CA3B12268136823F008031360AE
:1035F000E26D3F239340BB60012384F83530002304
:1036000084F83430236D002B3FD0204698473CE0AF
:10361000A36C002BE7D1EBE7E36BA3B120469847FF
:1036200011E01A6812F4807F09D11A6822F01002A2
:103630001A60012384F83530002384F83430E36BBA
:103640000BB120469847636DFBB1636D13F0010F1A
:1036500017D0052384F835302268136823F001035E
:103660001360019B01330193AB4204D823681B68AC
:1036700013F0010FF5D1012384F83530002384F8CD
:103680003430E36C0BB12046984703B0F0BD00BF67
:1036900004000020B5814E1B10B582B01B4B1A6C84
:1036A00042F080521A641B6C03F080530193019B1B
:1036B000174A136843F480331360FEF793FD044602
:1036C000134B5B6813F4803F08D1FEF78BFD001BA2
:1036D000B0F57A7FF4D9032002B010BD0C4A13680C
:1036E00043F400331360FEF77DFD0446084B5B682E
:1036F00013F4003F07D1FEF775FD001BB0F57A7F8C
:10370000F4D90320E8E70020E6E700BF00380240D4
:103710000070004070B4046A036A23F0010303627E
:1037200042688569124B2B400D681D4324F002044A
:103730008B6823430F4C104EB04218BFA0420CBF01
:103740000124002405D123F00803CE681E4326F08F
:1037500004032CB122F440724C6914438A69224359
:10376000426085614A684263036270BC704700BF73
:103770008CFFFEFF000001400004014070B4036AAA
:10378000026A22F4807202624268C569144C2C40BD
:103790000E68264323F400738C6843EA0423114C1B
:1037A000114DA84218BFA0420CBF0124002406D12D
:1037B00023F40063CD6843EA052323F480633CB11E
:1037C00022F440524C6942EA04128C6942EA041223
:1037D0004260C6614A68C263036270BC704700BF42
:1037E0008CFFFEFF000001400004014070B4036A3A
:1037F000026A22F4805202624468C5690D4A2A4076
:103800000D6842EA052223F400538D6843EA05332C
:10381000094E0A4DA84218BFB04204D124F4804496
:103820004D6944EA85144460C2614A6802640362D7
:1038300070BC7047FF8CFFFE000001400004014097
:1038400070B4036A026A22F4803202624468426DF4
:103850000D4D15400A682A4323F400338D6843EA6E
:1038600005430A4E0A4DA84218BFB04204D124F4C1
:1038700080344D6944EA0524446042654A688265A3
:10388000036270BC704700BF8FFFFEFF0000014065
:103890000004014070B4036A026A22F480120262DA
:1038A0004468456D0D4A2A400D6842EA052223F41A
:1038B00000138D6843EA0553094E0A4DA84218BF0C
:1038C000B04204D124F480244D6944EA8524446044
:1038D00042654A68C265036270BC7047FF8FFFFE95
:1038E000000001400004014090F83D30012B35D12B
:1038F000022380F83D3003681A4AB3F1804F18BFA5
:1039000093421DD0A2F57C42934219D002F5806209
:10391000934215D002F58062934211D002F57842AD
:1039200093420DD002F57052934209D0A2F5943221
:10393000934205D01A6842F001021A6000207047D5
:103940009968094A0A40062A18BFB2F5803F07D095
:103950001A6842F001021A60002070470120704787
:1039600000207047000001400700010090F83D3042
:10397000012B3AD1022380F83D300268D36843F02E
:103980000103D36003681B4AB3F1804F18BF934211
:103990001DD0A2F57C42934219D002F58062934279
:1039A00015D002F58062934211D002F5784293421D
:1039B0000DD002F57052934209D0A2F59432934291
:1039C00005D01A6842F001021A6000207047996819
:1039D000094A0A40062A18BFB2F5803F07D01A6884
:1039E00042F001021A600020704701207047002059
:1039F000704700BF0000014007000100704770479A
:103A00007047704770B504460368DE681D6915F09D
:103A1000020F10D016F0020F0DD06FF002021A61E3
:103A20000123037703689B6913F0030F64D0FFF74A
:103A3000E6FF0023237715F0040F12D016F0040FD1
:103A40000FD023686FF004021A61022323772368E2
:103A50009B6913F4407F55D02046FFF7D0FF002329
:103A6000237715F0080F12D016F0080F0FD0236837
:103A70006FF008021A61042323772368DB6913F0CF
:103A8000030F46D02046FFF7BAFF0023237715F037
:103A9000100F12D016F0100F0FD023686FF0100225
:103AA0001A61082323772368DB6913F4407F37D03A
:103AB0002046FFF7A4FF0023237715F0010F02D063
:103AC00016F0010F33D115F4025F02D016F0800F0B
:103AD00035D115F4807F02D016F0800F37D115F064
:103AE000400F02D016F0400F39D115F0200F02D050
:103AF00016F0200F3BD170BDFFF780FF2046FFF787
:103B00007FFF96E72046FFF779FF2046FFF778FF13
:103B1000A5E72046FFF772FF2046FFF771FFB4E7E5
:103B20002046FFF76BFF2046FFF76AFFC3E72368D5
:103B30006FF001021A612046FDF75CFAC3E72368C3
:103B40006FF402521A61204600F073FAC1E723684D
:103B50006FF480721A61204600F06CFABFE72368A8
:103B60006FF040021A612046FFF74BFFBDE7236864
:103B70006FF020021A61204600F05AFABBE70000FD
:103B800070B403683C4A904214BF00220122B0F195
:103B9000804F14BF144642F00104ACB9374DA8421F
:103BA00014BF00250125364EB0420DD065B905F190
:103BB000804505F58235A84214BF0025012506F58C
:103BC0000066B04200D01DB123F070034D682B4356
:103BD000002C33D1294CA04214BF00240124284DCD
:103BE000A8422BD054BB04F1804404F58234A04297
:103BF00014BF0024012405F50065A8421ED0ECB9CD
:103C0000204CA04214BF0024012405F59A35A84297
:103C100014D09CB91C4CA04214BF0024012405F50B
:103C20000065A8420AD04CB9184CA04214BF002429
:103C30000124A5F59635A84200D01CB123F44073A9
:103C4000CC68234323F080034C6923438C68C4620F
:103C50000C6884620E4CA04208BF42F001020AB117
:103C60000A690263026842F00402026001224261B2
:103C7000036070BC704700BF0000014000080040B6
:103C800000040040004401400018004000200040B3
:103C90000004014060B310B5044690F83D3013B302
:103CA000022384F83D30214651F8040BFFF768FFEA
:103CB000012384F8483084F83E3084F83F3084F89B
:103CC000403084F8413084F8423084F8433084F83E
:103CD000443084F8453084F8463084F8473084F81E
:103CE0003D30002010BD80F83C30FDF73FFFD7E7A6
:103CF0000120704760B310B5044690F83D3013B30F
:103D0000022384F83D30214651F8040BFFF738FFB9
:103D1000012384F8483084F83E3084F83F3084F83A
:103D2000403084F8413084F8423084F8433084F8DD
:103D3000443084F8453084F8463084F8473084F8BD
:103D40003D30002010BD80F83C30FDF725FFD7E75F
:103D50000120704770B4036A026A22F01002026206
:103D600042688569144C2C400D6844EA052523F00F
:103D700020038C6843EA0413104C114EB04218BF64
:103D8000A0420CBF0124002406D123F08003CE689A
:103D900043EA061323F040033CB122F440624C692D
:103DA00042EA84028C6942EA8402426085614A6880
:103DB0008263036270BC7047FF8CFFFE000001400D
:103DC0000004014038B590F83C30012B00F095809C
:103DD00004460D46012380F83C30142A00F2888006
:103DE000DFE802F00B8686861F8686863486868606
:103DF000488686865D86868671000068FFF78AFCA5
:103E00002268936943F0080393612268936923F061
:103E1000040393612268936929690B43936100202D
:103E200067E00068FFF796FF2268936943F4006338
:103E300093612268936923F4806393612268936994
:103E4000296943EA01239361002052E00068FFF7EB
:103E500095FC2268D36943F00803D3612268D369D3
:103E600023F00403D3612268D36929690B43D3612A
:103E700000203EE00068FFF7B9FC2268D36943F4F4
:103E80000063D3612268D36923F48063D36122681D
:103E9000D369296943EA0123D361002029E000683E
:103EA000FFF7CEFC2268536D43F008035365226888
:103EB000536D23F0040353652268536D29690B4346
:103EC0005365002015E00068FFF7E4FC2268536D9D
:103ED00043F4006353652268536D23F48063536594
:103EE0002268536D296943EA01235365002000E0ED
:103EF0000120002384F83C3038BD0220FCE700009C
:103F000090F83C20012A45D070B40346012280F885
:103F10003C20022280F83D200268506894681E4EC2
:103F20001E4DAA4218BFB24203D120F470004D6862
:103F3000284320F070000D68284350601A68164826
:103F4000B2F1804F18BF824217D0A0F57C40824268
:103F500013D000F5806082420FD000F5806082426D
:103F60000BD000F57840824207D000F570508242B5
:103F700003D0A0F59430824204D124F080048968F3
:103F800021439160012283F83D20002083F83C000A
:103F900070BC7047022070470000014000040140DF
:103FA00090F83C30012B3CD030B40246012380F81D
:103FB0003C30CB6823F440738868034323F4806368
:103FC0004868034323F400630868034323F48053E1
:103FD0000869034323F400534869034323F48043EF
:103FE000886A034323F47023886943EA0043106816
:103FF0000D4D0E4CA04218BFA8420CD123F4700303
:104000004C6A43EA045323F08073CC69234323F0C2
:104010000073096A0B434364002082F83C0030BC03
:1040200070470220704700BF0000014000040140BB
:10403000704770477047002800F0A18038B50446EB
:1040400090F82030D3B12268136843F00103136065
:10405000FEF7C8F8054623685A6812F0010F10D120
:10406000FEF7C0F8401B0A28F5D9636A43F4003311
:104070006362052384F82030012038BDFDF75AFA29
:10408000E1E71A6822F002021A60FEF7ABF8054673
:1040900023685A6812F0020F0DD0FEF7A3F8401BF8
:1040A0000A28F5D9636A43F400336362052384F870
:1040B00020300120E1E7227E012A3DD01A6822F05B
:1040C00080021A60637E012B3BD02268136823F0C4
:1040D00040031360A37E012B39D02268136823F0BC
:1040E00020031360E37E012B37D02268136843F06E
:1040F00010031360237F012B35D02268136823F04F
:1041000008031360637F012B33D02268136823F008
:1041100004031360A368E2681343226913436269CE
:1041200013436268013A21681343CB610020606247
:10413000012384F82030A0E71A6842F080021A6058
:10414000C0E72268136843F040031360C2E72268A7
:10415000136843F020031360C4E72268136823F058
:1041600010031360C6E72268136843F00803136066
:10417000C8E72268136843F004031360CAE701200C
:104180007047704770477047704770477047704777
:104190007047704770477047704770472DE9F84F78
:1041A000054603685C69D3F804809F68D3F80CA0C7
:1041B000D3F81090D3F818B014F001063BD017F0E4
:1041C000010616D001229A6017F0020F08D117F0ED
:1041D000040F0CD117F0080606D04FF4805608E003
:1041E000FFF7CFFF002604E0FFF7CEFF01E04FF41A
:1041F000006617F4807F0DD02B684FF480729A60B0
:1042000017F4007F40F0968017F4806F00F09680DE
:1042100046F4005617F4803F0DD02B684FF48032DF
:104220009A6017F4003F40F0938017F4802F00F05D
:10423000938046F4004614F0080F07D01AF0100FD0
:1042400004D046F400762B681022DA6014F0040FD4
:1042500003D01AF0080F40F0898014F0020F05D047
:104260002B68DB6813F0030F40F0878014F0400FD9
:1042700007D019F0100F04D046F480662B68102286
:104280001A6114F0200F02D019F0080F79D114F040
:10429000100F04D02B681B6913F0030F78D114F4AE
:1042A000003F02D018F0100F76D114F4803F02D0F6
:1042B00018F0080F77D114F4004F37D018F0040F1E
:1042C00031D014F4807F04D01BF0010F01D046F0F0
:1042D000010614F4007F04D01BF0020F01D046F059
:1042E000020614F4806F04D01BF0040F01D046F0D6
:1042F000040614F4006F16D01BF0700B13D0BBF142
:10430000400F66D056D8BBF1200F5CD0BBF1300F08
:104310005CD0BBF1100F01D146F008062A68936902
:1043200023F0700393612B6804225A60002E56D14B
:10433000BDE8F88F2846FFF725FF6BE717F4006FFD
:1043400002D046F4804665E72846FFF71EFF61E786
:104350002846FFF718FF6EE717F4002F02D046F447
:10436000803668E72846FFF711FF64E72B680822CC
:10437000DA602846FFF70CFF6FE72846FFF707FFD4
:1043800074E72B6808221A612846FFF703FF7EE7CF
:104390002846FFF7FEFE82E72B6810225A60284667
:1043A000FFF7F9FE81E72B6808225A602846FFF7DD
:1043B000F3FE80E7BBF1500F0ED0BBF1600FADD123
:1043C00046F48076AAE746F01006A7E746F02006F6
:1043D000A4E746F04006A1E746F080069EE76B6A38
:1043E00033436B622846FFF7D8FEA1E703689A695A
:1043F00012F0020F01D000229A6203689A6912F04B
:10440000010F03D19A6942F001029A61704710B41A
:10441000019CC1F3090141EA02411943214321F002
:10442000004102685368640D04F4806444F07F74B2
:1044300044F4583444F47F7444F0030423EA04033E
:104440000B4353605DF8044B70472DE9F04104467F
:1044500003689E6916F010067ED00D469046102225
:10446000DA61002637462368986910F0200F32D1B0
:104470008FBBB5F1FF3FF6D0FDF7B4FEA0EB08000F
:10448000A84201D8002DEED121684A6802F480428A
:1044900094F84230DBB2886910F4004F04D0203B1E
:1044A00018BF012302B973B923689B6913F0200F69
:1044B000D9D1FDF797FEA0EB08001928F4D946F0F2
:1044C00020060127CFE74B6843F480434B60FDF79C
:1044D00089FE8046E8E70FB92022DA6146F004063B
:1044E00001252268936913F4807F05D046F0010608
:1044F0004FF48071D161012513F4806F06D046F02E
:10450000080622684FF48061D161012513F4007F11
:1045100024D046F0020623684FF40072DA610125C8
:104520002046FFF763FF2268536823F0FF7323F4EC
:104530008B3323F4FF7323F001035360636C334325
:104540006364202384F84130002384F8423084F8E7
:1045500040302846BDE8F0810025C2E7002DF8D0A4
:10456000DEE770B504460D46164623689B6913F0D6
:10457000020F22D1324629462046FFF766FFF0B9E6
:10458000B5F1FF3FF1D0FDF72DFE801BA84201D809
:10459000002DEAD123689B6913F0020FE5D1636C0B
:1045A00043F020036364202384F84130002384F81F
:1045B000423084F84030012000E0002070BD01202E
:1045C000FCE72DE9F8430546884617461E46DDF808
:1045D00020902B689C6938EA04040CBF0123002357
:1045E000BB4227D14A4631462846FFF72EFF20BB63
:1045F000B6F1FF3FEDD0FDF7F5FDA0EB0900B042AD
:1046000001D8002EE5D12B689B6938EA03030CBF63
:1046100001230023BB42DCD16B6C43F020036B64AD
:10462000202385F84130002385F8423085F840305A
:10463000012000E00020BDE8F8830120FBE770B511
:1046400004460D46164604E023689B6913F0200FCC
:1046500012D023689B6913F0200F1BD132462946E4
:104660002046FFF7F2FEB8B9FDF7BCFD801BA8425B
:10467000EAD8002DEDD1E7E7636C43F020036364D3
:10468000202384F84130002384F8423084F84030FD
:10469000012000E0002070BD0120FCE700285DD073
:1046A00010B5044690F84130002B46D0242384F8FE
:1046B00041302268136823F00103136063682268A5
:1046C00023F0706313612268936823F400439360BE
:1046D000E368012B36D0A368226843F40443936057
:1046E000E368022B34D02268536823F400635360DC
:1046F000226851681A4B0B4353602268D36823F435
:104700000043D360236962691343A169226843EAC5
:104710000123D360E369216A22680B431360226896
:10472000136843F00103136000206064202384F8C1
:104730004130206384F8420010BD80F84030FDF71E
:1047400097F8B3E7A368226843F400439360C7E790
:104750002268536843F400635360C9E7012070473F
:10476000008000022DE9F04782B00F460A9E90F8C3
:104770004110202940F0B78004469146984690F8B1
:104780004030012B00F0B3804FF0010A80F840A0C8
:10479000FDF728FD05460090192352464FF40041CD
:1047A0002046FFF70EFF002840F0A380212384F865
:1047B0004130102384F8423000236364C4F824900D
:1047C000A4F82A806363638D9BB2FF2B1ED9FF235D
:1047D00023854FF08073228DEAB1226899F800108A
:1047E0009162626A01326262628D92B2013A92B261
:1047F0006285228D013A92B22285013241490091AF
:10480000D2B239462046FFF702FE18E0638D2385B9
:104810004FF00073DFE73B490091D2B239462046A2
:10482000FFF7F5FD0BE0628D92B222850023009325
:104830004FF00073D2B239462046FFF7E8FD638D92
:104840009BB2002B33D02A4631462046FFF789FE23
:10485000002850D1626A236812789A62636A013331
:104860006362638D9BB2013B9BB26385238D013BE9
:104870009BB22385628D92B2002AE0D0002BDED15C
:1048800000953346002280212046FFF79AFEA0BB08
:10489000638D9BB2FF2BC6D9FF2222850023009394
:1048A0004FF0807339462046FFF7B1FDC7E72A462F
:1048B00031462046FFF7C3FE08BB23682022DA6199
:1048C00021684B6823F0FF7323F48B3323F4FF73C9
:1048D00023F001034B6084F84120002384F8423028
:1048E00084F8403000E0022002B0BDE8F0870220EA
:1048F000FAE70120F8E70120F6E70120F4E70120BC
:10490000F2E700BF002000802DE9F04784B01D468B
:104910000023039390F84130202B40F09F800646FF
:104920008946904603689B6913F4004F40F09880D5
:1049300090F84030012B00F09580012380F8403042
:10494000242380F84130002343649A46F368012B06
:1049500010D0C9F30902444B134332685360FDF78A
:1049600041FC074632689369C3F3401C9369C3F363
:1049700000130BE0C9F309023C4B1343EDE7336826
:104980009C69C4F3401C9B69C3F300135CEA030CED
:1049900017D1B5F1FF3FF2D0FDF724FCC01BA842B0
:1049A00001D8002DEBD1202386F84130736C43F001
:1049B00020037364002386F84030012004B0BDE872
:1049C000F08733689A6912F0100F33D100972B46A5
:1049D000002220213046FFF7F4FD10B3736C042B46
:1049E00019D04FF0010A039B01330393039B434506
:1049F00002D2BAF1000F2ED1039B4345A6D3202348
:104A000086F84130736C43F020037364002386F80A
:104A100040300120D2E733682022DA61002373643A
:104A2000E1E732682023D36186F84130002386F81D
:104A30004030C3E71022DA6100972B460022202184
:104A40003046FFF7BEFD18B933682022DA61CAE7A5
:104A50004FF0010AC7E74FF0000ACDE70220ADE7AB
:104A60000220ABE70220A9E7002800020020000294
:104A7000034690F84120202A23D190F84020012AB3
:104A800021D0012280F84020242280F841200068B3
:104A9000026822F0010202601868026822F4805263
:104AA0000260186802680A43026019680A6842F0E6
:104AB00001020A60202283F84120002083F8400090
:104AC00070470220704702207047034690F841204B
:104AD000202A21D190F84020012A1FD0012280F8FD
:104AE0004020242280F841200068026822F0010260
:104AF00002601868026822F4706242EA01220260D1
:104B000019680A6842F001020A60202283F84120F5
:104B1000002083F840007047022070470220704751
:104B200070B110B50446037933B10223237100201C
:104B300020610123237110BD4371FCF7E5FDF4E70B
:104B400001207047002918BF002828D0034640796B
:104B5000012826D010B54FF0010E83F805E00220A1
:104B600018711C68206802F0100240F6FE7C0CFAF6
:104B700002FC20EA0C0C086849680143914041EAB4
:104B80000C0121601C682168C02000FA02F221EAB1
:104B90000202226083F804E00020587110BD012059
:104BA00070470220704700286FD010B50446436A52
:104BB00033B94368B3F5827F05D00023C36102E0B7
:104BC0000023036143610023A36294F85D30002B4E
:104BD00052D0022384F85D302268136823F040032A
:104BE0001360E368B3F5E06F4CD90022B3F5706F42
:104BF00018BFB3F5E06F01D00023A362636803F42C
:104C00008273A16801F404410B43216901F00201A0
:104C10000B43616901F001010B43A16901F40071CB
:104C20000B43E16901F038010B43216A01F0800177
:104C30000B43A16A01F4005120680B430360638BAE
:104C400003F00403616A01F010010B43616B01F092
:104C500008010B43E16801F470610B4321681343C1
:104C60004B602268D36923F40063D361002020667F
:104C7000012384F85D3010BD84F85C302046FCF7D9
:104C8000EFFEA6E74FF48052B0E7012070470268BC
:104C900052E8003F23F0C00342E800310029F6D17A
:104CA0002023C3677047026852E8003F23F49073E3
:104CB00042E800310029F6D1026802F1080353E806
:104CC000003F23F00103083242E800310029F3D10C
:104CD000036E012B06D02023C0F88030002303662A
:104CE00083667047026852E8003F23F0100342E8F1
:104CF00000310029F6D1EEE77047704738B5846B74
:104D0000E26FD4F8805023689B6813F0800F01D0C5
:104D1000212A10D023689B6813F0400F01D0222D68
:104D200010D0D4F8843043F01003C4F88430204607
:104D3000FFF7E3FF38BD0023A4F852302046FFF709
:104D4000A6FFE7E70023A4F85A302046FFF7ABFFA1
:104D5000E7E7704708B50346806B01224266026EA2
:104D6000012A13D1B0F858104A08A0F85A201B683D
:104D70005B689BB2994201D3A0F85A30B0F85A3020
:104D80009BB2C91A89B2FFF7E4FF08BDFFF7B4FF71
:104D9000FBE708B58446806BDCF81C30B3F5807FF8
:104DA00029D00023A0F85A30026852E8003F23F4CB
:104DB000807342E800310029F6D1026802F108034D
:104DC00053E8003F23F00103083242E80031002994
:104DD000F3D1026802F1080353E8003F23F04003D7
:104DE000083242E800310029F3D12023C0F8803096
:104DF000036E012B19D000234366036E012B1ED1D5
:104E00000023A0F85A30DCF800305B689BB2B0F8A1
:104E10005810994201D9A0F85A30B0F85A309BB2D4
:104E2000C91A89B2FFF795FF08BD026852E8003F32
:104E300023F0100342E800310029F6D1DBE7FBF74D
:104E4000F3FCF1E710B50446836802691343426935
:104E50001343C269134301680868914A02401A4328
:104E60000A602268536823F44053E1680B4353609F
:104E7000A269236A1A4321688B6823F430631343C1
:104E80008B602368874A934218D0874A934228D080
:104E9000864A93424FD0864A93425ED0854A9342D7
:104EA0006DD0854A93427FD0844A934200F091802E
:104EB000834A934200F0A280102329E0814BD3F86B
:104EC000903003F00303032B09D8DFE803F002045A
:104ED000AB0601231CE004231AE0082318E010238A
:104EE00016E0784BD3F8903003F00C030C2B0ED85F
:104EF000DFE803F0070D0D0D090D0D0D9A0D0D0DD9
:104F00000B00002304E0042302E0082300E0102348
:104F1000E069B0F5004F00F0B980082B00F21A816B
:104F2000DFE813F0F6000901F40018010C01180184
:104F3000180118010F01634BD3F8903003F03003D0
:104F4000202B73D005D8002B72D0102B72D10423E4
:104F5000DEE7302B70D10823DAE75A4BD3F89030D4
:104F600003F0C003802B69D005D8002B68D0402BFC
:104F700068D10423CCE7C02B66D10823C8E7514B86
:104F8000D3F8903003F44073B3F5007F5ED006D8B9
:104F9000002B5DD0B3F5807F5CD10423B8E7B3F577
:104FA000407F59D10823B3E7464BD3F8903003F440
:104FB0004063B3F5006F51D006D8002B50D0B3F545
:104FC000806F4FD10423A3E7B3F5406F4CD1082382
:104FD0009EE73C4BD3F8903003F44053B3F5005FA9
:104FE00044D006D8002B43D0B3F5805F42D10423D0
:104FF0008EE7B3F5405F3FD1082389E7314BD3F803
:10500000903003F44043B3F5004F37D005D8BBB31D
:10501000B3F5804F36D104237AE7B3F5404F33D14F
:10502000082375E7022373E7022371E702236FE782
:1050300000236DE710236BE7102369E7022367E77E
:10504000002365E7102363E7102361E702235FE78E
:1050500000235DE710235BE7102359E7022357E79E
:10506000012355E7102353E7102351E702234FE7AD
:1050700000234DE710234BE7102349E7022347E7BE
:10508000002345E7102343E7102341E7082B5BD8B3
:10509000DFE803F01A343A5A375A5A5A1E0000BF52
:1050A000F369FFEF00100140004400400048004059
:1050B000004C0040005000400014014000780040C7
:1050C000007C004000380240FDF78AFC00283DD0FB
:1050D0006268530803EB4003B3FBF2F3A3F1100142
:1050E0004FF6EF72914233D89AB222F00F02C3F317
:1050F000420313432268D36000202CE0FDF780FCBC
:10510000E4E7FDF743FBE1E71748E1E7164802E073
:10511000FDF766FC18B3636800EB5300B0FBF3F0D7
:10512000A0F110024FF6EF739A421AD8236880B2AA
:10513000D86000200FE0FDF763FCEBE7FDF726FBEE
:10514000E8E74FF40040E6E7012004E0002002E039
:10515000012000E001200023A366E36610BD0020CB
:10516000F9E70120F7E700BF0024F400436A13F0D9
:10517000080F06D00268536823F40043416B0B43C9
:105180005360436A13F0010F06D00268536823F49A
:105190000033816A0B435360436A13F0020F06D059
:1051A0000268536823F48033C16A0B435360436A37
:1051B00013F0040F06D00268536823F48023016BB8
:1051C0000B435360436A13F0100F06D002689368D4
:1051D00023F48053816B0B439360436A13F0200FD9
:1051E00006D00268936823F40053C16B0B439360AD
:1051F000436A13F0400F0AD00268536823F4801307
:10520000016C0B435360036CB3F5801F0BD0436AF2
:1052100013F0800F06D00268536823F40023816CDA
:105220000B43536070470268536823F4C003416C1A
:105230000B435360EBE72DE9F84305460E4617464E
:105240009946DDF820802B68DC6936EA04040CBF3F
:1052500001240024BC423AD1B8F1FF3FF3D0FCF75F
:10526000C1FFA0EB0900404534D8B8F1000F33D09E
:105270002B681A6812F0040FE5D0B6F1400218BF8F
:105280000122802EDFD0002ADDD0DA6912F0080F6B
:1052900011D1DA6912F4006FD5D04FF400621A62AE
:1052A0002846FFF700FD2023C5F88430002385F849
:1052B000783003200CE008241C622846FFF7F3FC3A
:1052C000C5F88440002385F87830012000E00020F4
:1052D000BDE8F8830320FBE70320F9E72DE9F0415F
:1052E00082B01E46C36F202B57D104460D46904610
:1052F000002A18BF002901D101204FE00023C0F887
:1053000084302123C367FCF76DFF0746A4F8508063
:10531000A4F85280A368B3F5805F02D04FF0000874
:1053200015E023693BB34FF0000810E02023E3674A
:10533000032033E038F8023B2268C3F3080393628A
:10534000B4F8522092B2013A92B2A4F85220B4F8C2
:1053500052309BB293B100963B46002280212046FA
:10536000FFF769FF0028E1D1002DE3D015F8012BEC
:1053700023689A62E4E7A8460025E8E700963B46E2
:10538000002240212046FFF756FF10B92023E36793
:1053900004E02023E367032000E0022002B0BDE820
:1053A000F08130B583B004460023C0F88430FCF7A8
:1053B00019FF05462268126812F0080F0FD1236802
:1053C0001B6813F0040F26D12023E367C4F8803054
:1053D00000202066606684F8780003B030BD6FF06E
:1053E0007E430093034600224FF400112046FFF74E
:1053F00022FF0028E3D0226852E8003F23F0800318
:1054000042E800310029F6D12023E367002384F825
:1054100078300320E1E76FF07E4300932B460022B3
:105420004FF480012046FFF706FF0028CCD0226809
:1054300052E8003F23F4907342E800310029F6D18E
:10544000226802F1080353E8003F23F00103083209
:1054500042E800310029F3D12023C4F88030002332
:1054600084F878300320B8E768B310B50446C36FFA
:1054700003B32423E3672268136823F00103136056
:10548000636AE3B92046FFF7DDFC012811D02268EA
:10549000536823F4904353602268936823F02A03EF
:1054A00093602268136843F0010313602046FFF7FE
:1054B00078FF10BD80F87830FCF77AFCD9E72046F9
:1054C000FFF754FEDEE701207047000010B50446E8
:1054D00013464165A0F858200022C0F884202222FB
:1054E000C0F88020426F8AB11F49D163426F1F49C3
:1054F0001164426F1E49D164426F00211165016839
:10550000426D2431406FFDF79FFF20BB236943B1FB
:10551000226852E8003F43F4807342E800310029DA
:10552000F6D1226802F1080353E8003F43F001037B
:10553000083242E800310029F3D1226802F1080361
:1055400053E8003F43F04003083242E800310029AD
:10555000F3D1002010BD1023C4F884302023C4F8F8
:1055600080300120F6E700BF934D0008554D00083C
:10557000FD4C000838B5D0F88030202B16D1002A19
:1055800018BF002914D00023036603685B6813F476
:10559000000F08D0046854E8003F43F0806344E8FB
:1055A0000035002DF6D1FFF791FF00E0022038BD55
:1055B0000120FCE700F1080343604FF0FF328260F6
:1055C000C3600361002303607047002303617047D9
:1055D00043684B609A688A6051609960086103680B
:1055E00001330360704730B40D68B5F1FF3F11D04F
:1055F00000F108031C465B681A68AA42FAD963687E
:105600004B6099608C6061600861036801330360DE
:1056100030BC70470469F2E70369416882688A60B8
:10562000416851605A68824206D0002202611A68BD
:10563000013A1A601868704782685A60F5E70346B5
:10564000406A18B11B6B1868C0F10700704710B5AD
:10565000044602F02FF9A26BE36B9A4204D00024B7
:1056600002F04EF9204610BD0124F9E710B50446BA
:1056700002F020F9A36B23B9012402F041F920467E
:1056800010BD0024F9E770B504461546866B026C20
:105690005AB903681BB100200136A66370BD80684B
:1056A00001F02EFC0023A360F6E76DB9406802F01C
:1056B000C4FD6368226C13446360A268934219D3EB
:1056C000236863602846E7E7C06802F0B6FDE36838
:1056D000226C51429B1AE3602268934202D2A36873
:1056E0000B44E360022D01D00020D5E726B1013E36
:1056F0000020D1E72846CFE70020CDE738B50546A2
:1057000002F0D8F895F8454064B201E0013C64B27B
:10571000002C0ADD6B6A43B105F1240001F0FAF9AF
:105720000028F3D001F0B0FAF0E7FF2385F8453008
:1057300002F0E6F802F0BEF895F8444064B201E0E9
:10574000013C64B2002C0ADD2B6943B105F1100065
:1057500001F0E0F90028F3D001F096FAF0E7FF231A
:1057600085F8443002F0CCF838BD38B5E0B10D46CC
:10577000044602F09FF82368E26B216C01FB0230C3
:10578000A0600020A0636360013A02FB0133E36084
:10579000FF2384F8443084F845300DBB236973B986
:1057A00002F0AEF8012038BD4FF0500372B683F31B
:1057B0001188BFF36F8FBFF34F8F62B6FEE704F11E
:1057C000100001F0A7F90028EAD04FF0E0234FF0D5
:1057D0008052C3F8042DBFF34F8FBFF36F8FDFE705
:1057E00004F11000FFF7E6FE04F12400FFF7E2FEEB
:1057F000D6E738B51D46049C0B4649B92460E063E2
:10580000236401212046FFF7B0FF84F84C5038BDD7
:105810002260F4E750B94FF0500372B683F3118859
:10582000BFF36F8FBFF34F8F62B6FEE7F0B583B063
:105830000C4615460746A1B101FB00F0503001F0BF
:1058400003FF064650B1002380F8463000902B46F7
:1058500000F1500221463846FFF7CBFF304603B037
:10586000F0BD0846EAE7F0B585B0019298B10F4661
:105870001D460446D1B1022D26D1E36B012B23D066
:105880004FF0500372B683F31188BFF36F8FBFF3ED
:105890004F8F62B6FEE74FF0500372B683F3118864
:1058A000BFF36F8FBFF34F8F62B6FEE7036C002B21
:1058B000E1D04FF0500372B683F31188BFF36F8FBE
:1058C000BFF34F8F62B6FEE701F0AEFA064668B945
:1058D000019B002B4AD04FF0500372B683F311881E
:1058E000BFF36F8FBFF34F8F62B6FEE700263DE038
:1058F0002A4639462046FFF7C6FE636A7BB948B19F
:105900004FF0E0234FF08052C3F8042DBFF34F8FC8
:10591000BFF36F8F01F0F4FF012005B0F0BD04F17B
:10592000240001F0F7F80028F4D04FF0E0234FF006
:105930008052C3F8042DBFF34F8FBFF36F8FE9E799
:1059400001F0DEFF0020E8E702A801F049F9012696
:1059500019E0002384F8443021E0002384F8453026
:1059600023E02046FFF7CAFE00F040FF01F0A2FF4F
:10597000A26BE36B9A42BBD3022DB9D0019B002BE3
:10598000DED0002EE0D001F0BBFF00F093FE01F06E
:1059900091FF94F8442052B2B2F1FF3FD9D094F86D
:1059A000452052B2B2F1FF3FD7D001F0A9FF01A9C3
:1059B00002A801F021F9D8B92046FFF748FE0028D7
:1059C000CFD0019904F1100001F08AF82046FFF7CA
:1059D00095FE00F00BFF0028C8D14FF0E0234FF0F8
:1059E0008052C3F8042DBFF34F8FBFF36F8FBDE715
:1059F0002046FFF783FE00F0F9FE00208DE748B156
:105A000008B5002181600160C1600B460A46FFF7BE
:105A10002AFF08BD704710B5024600210120FFF79C
:105A2000F9FE0446FFF7EBFF204610BD70B584B0C9
:105A3000019168B10446036CABB14FF0500372B6EC
:105A400083F31188BFF36F8FBFF34F8F62B6FEE70A
:105A50004FF0500372B683F31188BFF36F8FBFF31B
:105A60004F8F62B6FEE701F0DFF9054660B9019B92
:105A70006BB14FF0500372B683F31188BFF36F8F91
:105A8000BFF34F8F62B6FEE70026354657E0064665
:105A900055E0013BA36323683BB123694BB901F097
:105AA0002FFF0126304604B070BD01F093FBA060CB
:105AB000F3E704F1100001F02DF80028EFD04FF0CB
:105AC000E0234FF08052C3F8042DBFF34F8FBFF394
:105AD0006F8FE4E756B14FF0500372B683F311882D
:105AE000BFF36F8FBFF34F8F62B6FEE701F008FF81
:105AF000D8E702A801F074F801252AE0002384F811
:105B0000443032E0002384F8453034E001F0D2FE26
:105B1000A06801F099F9064601F0F2FE3BE020464C
:105B2000FFF7ECFD00F062FE09E02046FFF7E6FD1E
:105B300000F05CFE2046FFF799FD002842D101F0FD
:105B4000B9FEA36B002BA4D1019B002BC2D0002D6A
:105B5000CFD001F0D5FE00F0ADFD01F0ABFE94F822
:105B600044305BB2B3F1FF3FC8D094F845305BB22C
:105B7000B3F1FF3FC6D001F0C3FE01A902A801F0B6
:105B80003BF80028D1D12046FFF770FD0028C6D091
:105B90002368002BBAD0019904F1240000F0A0FF83
:105BA0002046FFF7ABFD00F021FE0028C7D14FF0E3
:105BB000E0234FF08052C3F8042DBFF34F8FBFF3A3
:105BC0006F8FBCE70EB900266CE701F073FE20462C
:105BD000FFF735FD0146A06801F0EEF901F090FEF7
:105BE000F1E78268436813440068181A824200D8BB
:105BF000801A7047F8B507460C4616461D465521D3
:105C0000204602F085FA84420AD04FF0500372B663
:105C100083F31188BFF36F8FBFF34F8F62B6FEE738
:105C200024220021384602F073FABC61BE60FD6098
:105C30009DF818303B77F8BD2DE9F84352B94FF085
:105C4000500372B683F31188BFF36F8FBFF34F8F8A
:105C500062B6FEE704460E46174645688368A3EB26
:105C60000509C846914528BF904605EB08029342B6
:105C70000AD24FF0500372B683F31188BFF36F8FCF
:105C8000BFF34F8F62B6FEE780694246284402F0B8
:105C9000D4FAB94514D2A7EB0802A3689A420AD9EC
:105CA0004FF0500372B683F31188BFF36F8FBFF3C9
:105CB0004F8F62B6FEE706EB0801A06902F0BDFA5D
:105CC0003D44A368AB4200D8ED1A65603846BDE894
:105CD000F88330B583B00546019218466BB10C4687
:105CE0002B7F13F0010F0AD1904228BF104601907C
:105CF000019A21462846FFF79FFF03B030BD069B5F
:105D0000984201D20020F8E704220DEB0201284658
:105D1000FFF792FFECE72DE9F843934228BF1346C3
:105D20001C46002B33D005460E4607688368A3EB5C
:105D30000709C846A14528BFA04642450AD24FF0F0
:105D4000500372B683F31188BFF36F8FBFF34F8F89
:105D500062B6FEE707EB080293420AD24FF0500307
:105D600072B683F31188BFF36F8FBFF34F8F62B6A4
:105D7000FEE7816942463944304602F05EFAA145A9
:105D800008D32744AB68BB4200D8FF1A2F602046D7
:105D9000BDE8F883A4EB0802A96906EB080002F04D
:105DA0004CFAEEE72DE9F04383B005460F46164660
:105DB0001C46DDF82880B8F1000F08D12346324692
:105DC00039462846FFF7A7FF03B0BDE8F083D0F8B7
:105DD0000090424601A9FFF79EFF019BA4EB080437
:105DE0009E4203D2C5F800900026E7E71E46E5E78D
:105DF000F0B583B00C46012A0BD0C8B94FF0500360
:105E000072B683F31188BFF36F8FBFF34F8F62B603
:105E1000FEE704280AD84FF0500372B683F31188C6
:105E2000BFF36F8FBFF34F8F62B6FEE7012600E02E
:105E30000026A0420AD24FF0500372B683F31188B5
:105E4000BFF36F8FBFF34F8F62B6FEE704B9012433
:105E5000471C253001F0F8FB054630B1009623467B
:105E60003A4600F12401FFF7C5FE284603B0F0BD15
:105E7000034648B18268006810445B68C01A013864
:105E8000824200D8801A70474FF0500372B683F3F5
:105E90001188BFF36F8FBFF34F8F62B6FEE72DE916
:105EA000F04186B00393A9B1044616468846E0B196
:105EB000037F13F0010F23D0171DBA4221D34FF0F7
:105EC000500372B683F31188BFF36F8FBFF34F8F08
:105ED00062B6FEE74FF0500372B683F31188BFF34A
:105EE0006F8FBFF34F8F62B6FEE74FF0500372B66D
:105EF00083F31188BFF36F8FBFF34F8F62B6FEE756
:105F00001746039B8BB304A800F04CFE01F0D2FCB3
:105F10002046FFF7ADFF0546874223D9002001F058
:105F2000CFFA63699BB900F079FF606101F0E8FC8A
:105F3000039B00221146104601F05AF900236361C9
:105F400003A904A800F058FE0028DFD00CE04FF0B1
:105F5000500372B683F31188BFF36F8FBFF34F8F77
:105F600062B6FEE701F0CCFC1DB92046FFF780FFCA
:105F7000054600972B46324641462046FFF7A9FECC
:105F8000054618B9284606B0BDE8F0812046FFF75F
:105F900028FEE3689842F5D300F08CFB23693BB1FF
:105FA000206900231A46194601F06CF90023236189
:105FB00000F01CFCE6E7F1B12DE9F04182B00446A7
:105FC00015461E460F4608B3037F13F0010F28D075
:105FD00002F104082046FFF74BFF0346CDF800808E
:105FE0002A4639462046FFF774FE0546D8B92846AA
:105FF00002B0BDE8F0814FF0500372B683F3118810
:10600000BFF36F8FBFF34F8F62B6FEE74FF05003C1
:1060100072B683F31188BFF36F8FBFF34F8F62B6F1
:10602000FEE79046D6E72046FFF7DBFDE36898429F
:10603000DDD3EFF311874FF0500372B683F311886D
:10604000BFF36F8FBFF34F8F62B6236943B12069EF
:10605000009600231A46194601F096F900232361A1
:1060600087F31188C3E739B32DE9F04383B00446C1
:1060700017461E46884650B3037F13F0010F31D0F8
:106080004FF00409002E44D001F014FC2046FFF725
:10609000A8FD054681452BD3002001F011FA2369A4
:1060A0001BB34FF0500372B683F31188BFF36F8FA9
:1060B000BFF34F8F62B6FEE74FF0500372B683F323
:1060C0001188BFF36F8FBFF34F8F62B6FEE74FF0BB
:1060D000500372B683F31188BFF36F8FBFF34F8FF6
:1060E00062B6FEE74FF00009CCE700F097FE2061B2
:1060F00001F006FCA94510D3334600221146104694
:1061000001F076F8002323612046FFF76AFD05467B
:1061100003E02046FFF765FD05464D4504D8002500
:10612000284603B0BDE8F083CDF800902B463A46F0
:1061300041462046FFF736FE05460028F0D000F025
:10614000B9FA63693BB1606900231A46194601F048
:1061500099F80023636100F049FBE1E7002301E0C7
:10616000013001330278A52AFAD0C3F38F007047BB
:10617000084B1B681B6823B9074B4FF0FF321A60AE
:106180007047044B1B68DB68DB685A68024B1A6077
:10619000704700BF18110020B01000202DE9F04713
:1061A00080460D4617469946089EDDF824A00A9CB5
:1061B0009200A521206B01F0ABFF236B6FF04042F2
:1061C0003A4403EB820727F00707ADB34FF0000C0A
:1061D000BCF10F0F09D815F80C3004EB0C0282F853
:1061E000343013B10CF1010CF2E7002384F8433092
:1061F000062E00D90626E662E66400252565201DE8
:10620000FFF7E3F904F11800FFF7DFF92461C6F1A5
:106210000706A66164626565A56584F85C504A4618
:106220004146384601F01AFB2060BAF1000F01D058
:10623000CAF80040BDE8F087002384F83430D7E77F
:1062400038B5002407E004EB840293000E4818449C
:10625000FFF7B0F90134062CF5D90C4D2846FFF7AD
:10626000A9F90B4C2046FFF7A5F90A48FFF7A2F958
:106270000948FFF79FF90948FFF79CF9084B1D6093
:10628000084B1C6038BD00BF4411002030110020B5
:106290001C11002000110020EC100020D410002060
:1062A000181100201411002010B5044601F002FB63
:1062B000224A136801331360214B1B685BB1214BE9
:1062C0001B686BB91E4B1B68DA6AE36A9A4207D8EF
:1062D0001B4B1C6004E01A4B1C601368012B29D077
:1062E000194A1368013313606364E06A0123834031
:1062F000164A11680B43136000EB8000211D144BFC
:1063000003EB8000FFF764F901F0FAFA0D4B1B680C
:106310007BB10B4B1B68DA6AE36A9A4209D24FF0F1
:10632000E0234FF08052C3F8042DBFF34F8FBFF32B
:106330006F8F10BDFFF784FFD2E700BFD0100020A1
:10634000D0110020C4100020B4100020C81000207C
:106350004411002010B5044690F85D3073B1012B54
:1063600013D0022B10D04FF0500372B683F3118874
:10637000BFF36F8FBFF34F8F62B6FEE7006B01F084
:10638000E3F9204601F0E0F910BD01F0DDF9FBE78B
:106390000F4B1B68D3B110B501F08CFA0D4BDB68C5
:1063A000DC68201DFFF738F90B4A1368013B1360C6
:1063B000074A1368013B136001F0A2FA2046FFF779
:1063C000C9FF034B1B68002BE6D110BD704700BF0F
:1063D000E8100020EC100020D010002008B5FFF7D6
:1063E000D7FF074B1B68012BF9D94FF0E0234FF083
:1063F0008052C3F8042DBFF34F8FBFF36F8FEEE7CA
:106400004411002070B504460D461F4B1E681F4BFB
:1064100018680430FFF700F948B91C4B1B68DB6AA9
:1064200001229A401A490B6823EA02030B60B4F177
:10643000FF3F14BF00230123002D08BF00236BB9C9
:106440003444124B1B685C60A6420ED9114B18688D
:106450000E4B19680431FFF7C6F870BD0B4B196875
:1064600004310D48FFF7B4F8F7E70C4B1868074BF9
:1064700019680431FFF7B7F8094B1B68A342ECD940
:10648000074B1C60E9E700BFCC100020D0110020B2
:10649000C810002014110020D41000201811002072
:1064A000B010002010B5044601F0BFFE2046F9F7F9
:1064B000A7FE02E02023235401300E28FAD900233E
:1064C0002354204410BD30B587B00B9C8CB10C9D7B
:1064D000D5B160250495049D602D20D04FF0500368
:1064E00072B683F31188BFF36F8FBFF34F8F62B61D
:1064F000FEE74FF0500372B683F31188BFF36F8F3E
:10650000BFF34F8F62B6FEE74FF0500372B683F3CE
:106510001188BFF36F8FBFF34F8F62B6FEE7049D04
:106520000C9D2C63022485F85D40002403940295A1
:1065300005AC01940A9C0094FFF730FE0C98FFF71D
:10654000B3FE059807B030BD2DE9F04385B007468E
:10655000884614461E46900001F076F808B381463E
:10656000602001F071F80546A8B1C0F83090002312
:1065700080F85D30039302900D9B01930C9B009378
:106580003346224641463846FFF708FE2846FFF7C5
:106590008BFE012007E0484601F0D6F84FF0FF30AF
:1065A00001E04FF0FF3005B0BDE8F083F8B5D0B1A1
:1065B00004461C4B1B6883422ED001F07BF96569B1
:1065C000194B1F68194B1E6801F09AF9B54218BFA4
:1065D000BD4223D0164B9D4210D0164B9D421FD07A
:1065E000C5B1012019E04FF0500372B683F3118852
:1065F000BFF36F8FBFF34F8F62B6FEE7A36A0BB195
:1066000002200AE094F85C30012B01D0032004E062
:10661000022002E0042000E00020F8BD0220FCE798
:106620000420FAE7D01100201811002014110020D6
:10663000D4100020EC10002010B588B00024059480
:10664000069407AA06A905A8FAF78AFE059B0293F5
:10665000069B019300942346079A10491048FFF7C0
:1066600032FF104B1860B0B14FF0500372B683F395
:106670001188BFF36F8FBFF34F8F62B60A4B4FF095
:10668000FF321A60094B01221A60094B1C60FAF7AD
:1066900023FB01F0ABF908B010BD00BF8CA40008CB
:1066A000DD630008AC100020B0100020C4100020F2
:1066B000CC100020024A136801331360704700BFFA
:1066C000A8100020014B1868704700BFCC100020B4
:1066D000F8B53B4B1B68002B66D13A4B1D68013562
:1066E0001D60D5B9384B1B681B6853B14FF0500380
:1066F00072B683F31188BFF36F8FBFF34F8F62B60B
:10670000FEE7314A1168314B186810601960304A51
:10671000136801331360FFF72BFD2E4B1B68AB4250
:1067200038D900272C4B1B68DB6A03EB83039A00E4
:106730002A4B9B58012B3CD901273AE00127224BD9
:106740001B681B6843B3204B1B68DB68DC6863680D
:106750009D4226D3261D3046FEF75EFFA36A1BB17D
:1067600004F11800FEF758FFE36A01229A401C4921
:10677000086802430A6003EB83039A003146174816
:106780001044FEF725FFE26A134B1B68DB6A9A424E
:10679000D4D2D4E70027D2E70E4B4FF0FF321A6075
:1067A000C0E70C4A1360BDE70E4A1368013313605B
:1067B00000270D4B1B6803B101273846F8BD00BF09
:1067C000A8100020CC100020181100201411002067
:1067D000B8100020B0100020D0110020441100207B
:1067E000C8100020C0100020BC10002038B5364B67
:1067F0001B6853B94FF0500372B683F31188BFF38F
:106800006F8FBFF34F8F62B6FEE701F053F82E4B48
:106810001A68013A1A601B68002B4FD12B4B1B687A
:106820000BB900244BE00024294B1B681BB3284BF9
:10683000DB68DC6804F11800FEF7EEFE251D284633
:10684000FEF7EAFEE06A01238340224A11680B4307
:10685000136000EB800029461F4B03EB8000FEF71E
:10686000B7FEE26A1D4B1B68DB6A9A42DCD31C4B05
:1068700001221A60D8E70CB1FFF77AFC194B1C68AB
:1068800084B9174B1C68D4B14FF0E0234FF080520D
:10689000C3F8042DBFF34F8FBFF36F8F01240EE0B9
:1068A000013C07D0FFF714FF0028F9D00C4B012260
:1068B0001A60F5E70B4B00221A60E2E7002401F0B2
:1068C0001FF8204638BD00BFA8100020D0100020BF
:1068D00000110020C810002044110020D011002019
:1068E000BC100020C010002038B568B10C46054629
:1068F000A9B94FF0500372B683F31188BFF36F8FBD
:10690000BFF34F8F62B6FEE74FF0500372B683F3CA
:106910001188BFF36F8FBFF34F8F62B6FEE71C4B3A
:106920001B6853B14FF0500372B683F31188BFF365
:106930006F8FBFF34F8F62B6FEE7FFF7BBFE154BBD
:1069400018682B681C44834209D9A34201D82C60E3
:106950000EE0A04201D32C600AE02C6004E0A342C8
:1069600001D8A04212D22C600021201AFFF74AFD64
:10697000FFF73CFF48B94FF0E0234FF08052C3F8D7
:10698000042DBFF34F8FBFF36F8F38BD2C60EFE73F
:10699000A8100020CC10002010B5B8B10446114B4F
:1069A0001B6853B14FF0500372B683F31188BFF3E5
:1069B0006F8FBFF34F8F62B6FEE7FFF77BFE0021BC
:1069C0002046FFF71FFDFFF711FF48B94FF0E02306
:1069D0004FF08052C3F8042DBFF34F8FBFF36F8F7A
:1069E00010BD00BFA810002008B5364B1B681BB1B6
:1069F000354B01221A6008BD334B00221A60FAF7AA
:106A00008FF9324B1860324B1B68984205D9314AD6
:106A100011684A6DC31A1A444A652D4B18602D4BF4
:106A20001B681B6B1A68B2F1A53F03D15A68B2F11B
:106A3000A53F1DD0274B186819683431F9F798FC29
:106A4000254B1B68B3FA83F3DBB2C3F11F0303EBDF
:106A50008302920021498A589AB94FF0500372B6C6
:106A600083F31188BFF36F8FBFF34F8F62B6FEE7DA
:106A70009A68B2F1A53FDDD1DB68B3F1A53FD9D16A
:106A8000DEE7164803EB830200EB82025168496897
:106A9000516003EB8302920008320244914209D014
:106AA00003EB83030D4A02EB83035B68DA68094B4F
:106AB0001A60A0E7486803EB8301084A02EB8102F1
:106AC0005060EDE7A8100020BC100020A0100020AE
:106AD000A4100020D0110020C81000204411002074
:106AE00058B110B50C460A4A11681831FEF77BFD03
:106AF00001212046FFF786FC10BD4FF0500372B60F
:106B000083F31188BFF36F8FBFF34F8F62B6FEE739
:106B1000D011002038B5C368DC6824B304F118052F
:106B20002846FEF779FD194B1B683BBB251D2846FF
:106B3000FEF772FDE06A01238340154A11680B439A
:106B4000136000EB80002946124B03EB8000FEF738
:106B50003FFDE26A104B1B68DB6A9A4213D90120A1
:106B60000E4B186038BD4FF0500372B683F3118896
:106B7000BFF36F8FBFF34F8F62B6FEE72946084819
:106B8000FEF726FDE5E70020ECE700BFA810002097
:106B9000C810002044110020D0110020BC1000209B
:106BA0000011002060B110B5044600F083FE0A4BCE
:106BB0001B682360094B1B68636000F0A1FE10BDD9
:106BC0004FF0500372B683F31188BFF36F8FBFF39A
:106BD0004F8F62B6FEE700BFB8100020CC10002037
:106BE000034B1B680360034B1B684360704700BF87
:106BF000B8100020CC100020E0B170B50C4605465E
:106C000019B300F057FE1E4B19686B68C81A22684A
:106C1000B2F1FF3F2CD0DFF86CC0DCF800C02E686A
:106C2000664501D08B4228D9824219D800232360BF
:106C300001241EE04FF0500372B683F31188BFF3B6
:106C40006F8FBFF34F8F62B6FEE74FF0500372B6FF
:106C500083F31188BFF36F8FBFF34F8F62B6FEE7E8
:106C60005B1A134423602846FFF7BAFF002400E0B4
:106C7000002400F045FE204670BD0124F9E700BF66
:106C8000CC100020B8100020014B01221A60704780
:106C9000BC10002070B50C4616460546D0B12560E4
:106CA00005F134026260EA6A22612A6BE2616A6C71
:106CB000A260EA6C62616A6DA261052B19D0124A6A
:106CC0001268AA4209D02373032B09D0B6B9002356
:106CD000238470BD0C4A1568E1E700232373F5E7B0
:106CE000FFF7E8FCAB6A0BB102232373FFF77EFDCD
:106CF000ECE72846FFF75AFC2073E7E7286BFFF71D
:106D00002DFA2084E5E700BFD01100202DE9F047DF
:106D10000C683CB307460D4690464B685B684B6079
:106D200001F108094B4504D06B68D3F80CA000248E
:106D300010E05B684B60F7E76B68DE6804EBC4014A
:106D40004346012207EB81013046FFF7A3FF0134E0
:106D5000B24507D06B68596869608945ECD14B68CA
:106D60006B60E9E72046BDE8F0870000F8B506460D
:106D70000C461746FFF79EFC224B1B68A3423CD8EB
:106D800007250024013D04EBC40005EB8501012229
:106D90001D4B03EB810106EB8000FFF7B7FF0444B6
:106DA000002DEFD104EBC400184B1968022206EB4A
:106DB0008000FFF7ABFF044404EBC400144B1968D8
:106DC000022206EB8000FFF7A1FF044404EBC4009D
:106DD0000422104906EB8000FFF798FF044404EBFF
:106DE000C40003220C4906EB8000FFF78FFF044428
:106DF00027B1F9F795FF386000E00024FFF7F6FCB3
:106E00002046F8BDD01000204411002018110020A9
:106E100014110020EC100020D4100020014B186841
:106E2000704700BFD0110020054B1B6833B1054BE4
:106E30001B680BB10020704702207047012070478B
:106E4000C4100020A810002000284FD038B50446F8
:106E5000C36A284A1268D26A93423FD28269002AE2
:106E600005DB244A1268D26AC2F1070282616169B5
:106E700003EB8303204A02EB8303994205D01D4BA9
:106E80001B68DB6AE362012038BD251D2846FEF73A
:106E9000C3FB70B9E26A02EB82039B001649CB5830
:106EA0003BB9012303FA02F214490B6823EA0203F7
:106EB0000B60104B1B68D86AE062012404FA00F3EF
:106EC0000E4A11680B43136000EB800029460A4B01
:106ED00003EB8000FEF77CFB2046D5E7C26C054B38
:106EE0001B68DB6A9A4203D30020CDE7002070477D
:106EF0000120C9E7D011002044110020C810002053
:106F000000284FD038B50446284B1B6883420AD06E
:106F10004FF0500372B683F31188BFF36F8FBFF346
:106F20004F8F62B6FEE7036D53B94FF0500372B650
:106F300083F31188BFF36F8FBFF34F8F62B6FEE705
:106F4000013B0365C16AC26C91422DD00BB1002098
:106F500038BD051D2846FEF75FFB68B9E36A03EB01
:106F60008302920012498A5832B901229A4011498B
:106F70000B6823EA02030B60E06CE062C0F10703D8
:106F8000A361012404FA00F30A4A11680B43136059
:106F900000EB80002946064B03EB8000FEF718FB50
:106FA0002046D5E7002070470020D1E7D01100200F
:106FB00044110020C8100020002859D038B50446DC
:106FC000036D53B94FF0500372B683F31188BFF3CA
:106FD0006F8FBFF34F8F62B6FEE7C26C8A4200D25A
:106FE0000A46E16A914201D0012B00D038BD214B05
:106FF0001B68A34231D0E262A369002B02DBC2F11D
:107000000702A261626901EB81011B4B03EB810363
:107010009A42EBD1251D2846FEF7FEFA68B9E36ACD
:1070200003EB8302920014498A5832B901229A4034
:1070300012490B6823EA02030B60E06A01238340D4
:107040000E4A11680B43136000EB800029460A4B7F
:1070500003EB8000FEF7BCFAC8E74FF0500372B6AE
:1070600083F31188BFF36F8FBFF34F8F62B6FEE7D4
:10707000704700BFD011002044110020C81000202C
:107080002DE9F04383B0064600230370284B1C68AB
:10709000186800EBC000800000F0D6FA002844D049
:1070A000804600222146FFF761FE0746002517E0D3
:1070B0004FF0580901E04FF0420961683046FFF790
:1070C000F1F906462369228CA168019100924A4693
:1070D000184900F0BBFE3046F9F792F80644013536
:1070E000BD421FD205EBC50408EB8404237B042BAF
:1070F00012D801A252F823F0B17000081F710008E5
:10710000B77000080D710008137100084FF05309A3
:10711000D3E74FF04409D0E74FF00009CDE74FF037
:107120005209CAE7404600F00FFB03B0BDE8F08308
:10713000D010002094A400082DE9F04F83B004463D
:10714000002303701F4B1D68186800EBC00080000F
:1071500000F07AFA80B1814601AA2946FFF706FEBF
:107160008246019A184BA3FB02135B090193632A21
:1071700026D8484600F0E8FA03B0BDE8F08FAA69C7
:10718000124900F063FE2046F9F73AF8044401364C
:107190005645EED206EBC60509EB8505D5F81880F5
:1071A000019FB8FBF7FB69682046FFF77BF90446AF
:1071B000B845E4D35B46AA69054900F047FEE2E71B
:1071C0000026E5E7D01000201F85EB51B0A4000891
:1071D000A4A40008054B1B6823B1044B1A68136D67
:1071E00001331365014B1868704700BFD0110020B0
:1071F000F8B506460F4614461D4600F05BFB204BD3
:107200001B6893F85C30022B0AD01D4A11688B6D05
:1072100023EA06038B651368012283F85C20C5B955
:1072200000F06EFB00F046FB1CB1154B1B689B6D1C
:107230002360134B1B6893F85C30022B18D000249A
:107240000F4B1B68002283F85C2000F059FB20469E
:10725000F8BD11462846FFF7D5F84FF0E0234FF070
:107260008052C3F8042DBFF34F8FBFF36F8FD7E762
:10727000034B1A68936D23EA070393650124DFE744
:10728000D0110020F8B5A8B10F4614461D46064699
:1072900000F010FB0DB1B36D2B6096F85C30DBB2E3
:1072A000022286F85C20042C23D8DFE804F0110EBB
:1072B000181C1E004FF0500372B683F31188BFF301
:1072C0006F8FBFF34F8F62B6FEE7B26D3A43B26580
:1072D000012B1DD0012400F013FB2046F8BDB26D38
:1072E0000132B265F4E7B765F2E7022B42D0B76529
:1072F000EEE7B26DB2F1FF3FEAD04FF0500372B645
:1073000083F31188BFF36F8FBFF34F8F62B6FEE731
:10731000341D2046FEF780F9F06A01238340174AA6
:1073200011680B43136000EB80002146144B03EB04
:107330008000FEF74DF9B36A53B14FF0500372B6B7
:1073400083F31188BFF36F8FBFF34F8F62B6FEE7F1
:10735000F26A0C4B1B68DB6A9A420DD94FF0E023AE
:107360004FF08052C3F8042DBFF34F8FBFF36F8FE0
:107370000124B0E70024AEE70124ACE7C8100020E8
:1073800044110020D011002020B32DE9F0410F4618
:1073900014461D46064600F093FBEFF311834FF0B1
:1073A000500272B682F31188BFF36F8FBFF34F8F15
:1073B00062B698460DB1B36D2B6096F85C30DBB2C7
:1073C000022286F85C20042C23D8DFE804F0110E9A
:1073D000181C1E004FF0500372B683F31188BFF3E0
:1073E0006F8FBFF34F8F62B6FEE7B26D3A43B2655F
:1073F000012B1DD0012088F31188BDE8F081B26D0A
:107400000132B265F4E7B765F2E7022B48D0B76501
:10741000EEE7B26DB2F1FF3FEAD04FF0500372B623
:1074200083F31188BFF36F8FBFF34F8F62B6FEE710
:10743000B36A53B14FF0500372B683F31188BFF3B0
:107440006F8FBFF34F8F62B6FEE7174B1B680BBB06
:10745000341D2046FEF7E0F8F06A01238340134A0A
:1074600011680B43136000EB80002146104B03EBC7
:107470008000FEF7ADF8F26A0E4B1B68DB6A9A4299
:1074800010D9069B13B10123069A136001200A4B01
:107490001860B0E706F118010848FEF799F8EAE726
:1074A0000020A8E70120A6E7A8100020C8100020AF
:1074B00044110020D0110020BC1000200011002039
:1074C00010B5044650B100F0F5F994F85C30022B89
:1074D00007D0002400F014FA204610BD034B1C68AE
:1074E000F1E7002384F85C300124F3E7D011002099
:1074F000842801D0033070470020704708B5FFF79B
:107500009BF8002008BD2DE9F04387B00E46446982
:10751000C4B18569B5B14768D0F80080D0F8109043
:10752000B0F90800FFF7E4FF02950194009033469C
:107530004A4641463846FEF7C6FF0590059807B013
:10754000BDE8F083446805680769B0F90800FFF7F3
:10755000CFFF05AB019300903346BAB229462046CF
:10756000FEF7F2FF0128E9D00020E8E708B500B9EE
:107570000120FFF711FA002008BD0000134A12F0A5
:10758000070F1FD0D11D21F007014CF250335B1AB9
:1075900013440A460E480260002141601344083B30
:1075A00023F007030B48036059601960991A516072
:1075B0001360094B1960094B1960094B4FF00042E9
:1075C0001A6070474CF25033E4E700BFEC11002022
:1075D000E4110020E0110020D8110020DC1100206F
:1075E000D4110020164B1A461B688342FBD3516806
:1075F00002EB010C844509D0416800EB010C6345A6
:1076000009D00360904219D010607047406801446F
:1076100051601046F0E710B40A4C2468A3420BD026
:107620005B681944416013681B680360904200D096
:1076300010605DF8044B70470460F7E7704700BFC7
:10764000E4110020E011002038B50446FFF732F8BD
:10765000384B1B68B3B1384B1B681C424ED1002C11
:107660004ED004F1080214F0070F02D022F00702F6
:107670000832002A55D0314B1B68934253D330490E
:107680000C6804E0FFF77AFFE5E721461C466368D3
:10769000934202D22368002BF7D1264B1B68A342EA
:1076A00043D00D68083523680B6063689B1A102B64
:1076B00012D9A01810F0070F0AD04FF0500372B67D
:1076C00083F31188BFF36F8FBFF34F8F62B6FEE76E
:1076D00043606260FFF786FF626818490B689B1A77
:1076E0000B60184909688B4201D216490B60124B96
:1076F0001B68134363600023236002E0002500E061
:107700000025FFF773F815F0070F10D04FF0500366
:1077100072B683F31188BFF36F8FBFF34F8F62B6DA
:10772000FEE70025EDE70025EBE70025E9E7284621
:1077300038BD00BFE0110020D4110020DC11002072
:10774000E4110020D8110020002834D038B50446B8
:10775000A0F1080550F8043C174A126813420AD1F8
:107760004FF0500372B683F31188BFF36F8FBFF3EE
:107770004F8F62B6FEE750F8081C51B14FF050032E
:1077800072B683F31188BFF36F8FBFF34F8F62B66A
:10779000FEE723EA020340F8043CFEF78BFF54F8AF
:1077A000041C064A13680B4413602846FFF71AFFAF
:1077B000FFF71CF838BD7047D4110020DC11002001
:1077C000014B1868704700BFDC110020014B18689E
:1077D000704700BFD811002082B0002301930F4BE7
:1077E0001B68B3F1FF3F0AD04FF0500372B683F32A
:1077F0001188BFF36F8FBFF34F8F62B6FEE74FF074
:10780000500372B683F31188BFF36F8FBFF34F8FAE
:1078100062B6019B002BFCD002B070471000002024
:1078200008480068006880F308884FF0000080F383
:10783000148862B661B6BFF34F8FBFF36F8F00DF5E
:1078400000BF000008ED00E0DFF80C00016841F423
:10785000700101607047000088ED00E04FF0807318
:1078600040F8043C21F0010140F8081C054B40F8A9
:107870000C3C40F8202C6FF0020340F8243C4438C4
:10788000704700BFD977000800000000000000002A
:10789000074B19680868B0E8F04F80F30988BFF318
:1078A0006F8F4FF0000080F311887047AFF30080B6
:1078B000D01100204FF0500372B683F31188BFF34C
:1078C0006F8FBFF34F8F62B60C4A1368013313609A
:1078D000012B00D070474FF0E023D3F8043D13F0A4
:1078E000FF0FF7D04FF0500372B683F31188BFF348
:1078F0006F8FBFF34F8F62B6FEE700BF100000200E
:107900000A4B1B6853B94FF0500372B683F31188CA
:10791000BFF36F8FBFF34F8F62B6FEE7013B034AA1
:1079200013600BB983F31188704700BF100000206B
:10793000EFF30980BFF36F8F154B1A681EF0100F1D
:1079400008BF20ED108A20E9F04F10602DE90900F2
:107950004FF0500072B680F31188BFF34F8FBFF322
:107960006F8F62B6FFF740F84FF0000080F3118888
:1079700009BC19680868B0E8F04F1EF0100F08BF86
:10798000B0EC108A80F30988BFF36F8F704700BF97
:10799000D011002008B54FF0500372B683F3118860
:1079A000BFF36F8FBFF34F8F62B6FEF791FE28B122
:1079B0004FF0E0234FF08052C3F8042D002383F3EF
:1079C000118808BD4FF0E022002313619361054B3D
:1079D0001B680549A1FB03139B09013B5361072366
:1079E0001361704704000020D34D621030B583B09E
:1079F0002F4B1A78D2B20192FF221A701B78DBB299
:107A00008DF803309DF8033003F05003294A1370BA
:107A1000294B07221A6009E0274A1368013B1360CB
:107A20009DF803305B00DBB28DF803309DF8033026
:107A300013F0800FF0D1204B1B68032B0AD04FF0BE
:107A4000500372B683F31188BFF36F8FBFF34F8F6C
:107A500062B6FEE71B02184A136003F4E06313608A
:107A6000019BDBB2124A13704FF0E024D4F8203DA2
:107A700043F47003C4F8203DD4F8203D43F0704334
:107A8000C4F8203DFFF79EFF00250C4B1D60FFF75B
:107A9000DBFED4F8343F43F04043C4F8343FFFF7F3
:107AA000BFFEFEF7A1FFFFF797FE284603B030BDEB
:107AB00000E400E040D500203CD50020100000206C
:107AC000EFF305830F2B10D9134A9A5C134B1B78E5
:107AD0009A420AD24FF0500372B683F31188BFF373
:107AE0006F8FBFF34F8F62B6FEE74FF0E023D3F8FE
:107AF0000C3D03F4E0630A4A126893420AD94FF03E
:107B0000500372B683F31188BFF36F8FBFF34F8FAB
:107B100062B6FEE7704700BFF0E300E040D500200A
:107B20003CD50020DFF834D0FAF7ECFA0C480D49C8
:107B30000D4A002302E0D458C4500433C4188C42C8
:107B4000F9D30A4A0A4C002301E013600432A2422E
:107B5000FBD300F043FBF9F7B3FA704700000820AD
:107B6000000000207000002024A700087000002002
:107B700090D60020FEE70000002310B50446C0E9BF
:107B80000033C0E90433836081814366C28183612D
:107B9000194608225C3000F0BBFA0D4B63620D4BB6
:107BA000A3620D4BE3620D4B23630D4B24629C4299
:107BB00006D003F16802944202D0D0339C4205D132
:107BC00004F15800BDE8104000F02CBB10BD00BF10
:107BD000E97E00080F7F0008477F00086D7F0008DE
:107BE00044D50020024A0349034800F06BB800BFA7
:107BF00014000020ED9300082400002041680C4B85
:107C0000994210B5044601D001F0F0FBA168094B80
:107C1000994202D0204601F0E9FBE168064B994207
:107C200004D02046BDE8104001F0E0BB10BD00BF0D
:107C300044D50020ACD5002014D600200C4B0D4AB2
:107C40000D4810B504211A600022FFF795FF0A4B7A
:107C500001221C46092103F16800FFF78DFF04F1A2
:107C6000D0000222BDE810401221FFF785BF00BFFF
:107C70007CD60020E57B000844D50020014800F0B8
:107C8000D2BA00BF85D60020014800F0CDBA00BFAF
:107C900085D6002010B50446FFF7F0FF236A1BB11C
:107CA000BDE81040FFF7F0BF044B2362044B1B6894
:107CB000002BF5D1FFF7C2FFF2E700BFFD7B000804
:107CC0007CD600202DE9F843074688461446002656
:107CD000D4E90195B9F1010905D52468002CF7D143
:107CE0003046BDE8F883AB89012B07D9B5F90E30D2
:107CF000013303D029463846C04706436835E9E7D3
:107D00000FB407B5064904AB086853F8042B816823
:107D1000019300F0F7FE03B05DF804EB04B0704788
:107D200020000020036A70B5846805460E460BB932
:107D3000FFF7B0FF636EDB0705D4A389980502D473
:107D4000A06D00F070FAA389190702D52369002BF2
:107D500035D12146284600F087F980B34FF0FF3532
:107D6000636EDA0705D4A3899B0502D4A06D00F0E9
:107D70005BFA284670BD002B04DAA269934217DB38
:107D80000A2915D023685A1C22601970A36816F8B6
:107D9000011F013BA3600029EDD1002B11DA22461F
:107DA0000A21284600F022F90130D7D00A25D7E76A
:107DB0002246284600F01AF90130E7D1CEE7013E0D
:107DC000E4E723685A1C22600A221A70EEE70000DA
:107DD000024B01461868FFF7A5BF00BF2000002036
:107DE0000CB430B5184B0C1E1D689DB008DA8B23FF
:107DF0002B604FF0FF301DB0BDE8304002B070473F
:107E00004FF40273ADF814304FF000031B9314BF0E
:107E100004F1FF332346049307934FF6FF73029058
:107E20000690ADF81630209A21AB02A9284601939E
:107E300000F06AFB431CBCBF8B232B60002CDAD004
:107E4000029B00221A70D6E7200000200EB410B565
:107E50009DB01FAB029006906FF000410A48079159
:107E600004910A4953F8042B0591002402A90068E3
:107E700001931B9400F048FB029B1C701DB0BDE8F1
:107E8000104003B0704700BF200000200802FFFF31
:107E90000EB470B59DB021AC00254FF4017254F8BA
:107EA000046BADF814201B9502900690F8F7A8F922
:107EB0000B4B039007900B480B934FF6FF73ADF8F5
:107EC00016303246234602A900680F951495019496
:107ED00000F070FC1DB0BDE8704003B0704700BFFB
:107EE0000B7F00082000002010B50C46B1F90E10E1
:107EF00000F04AF90028ABBF636DA3891B1823F477
:107F00008053ACBF6365A38110BD002070472DE98D
:107F1000F0411F468B89DB0505460C46164605D504
:107F2000B1F90E100223002200F01CF9A389B4F964
:107F30000E1023F48053A38132463B462846BDE809
:107F4000F04100F033B910B50C46B1F90E1000F055
:107F500009F9B4F90C30421C0BBF23F4805343F4ED
:107F60008053A381A38118BF606510BDB1F90E10C5
:107F700000F0E8B830B51446002C9BB005461A4610
:107F800005DA8B2303604FF0FF301BB030BD4FF498
:107F90000273ADF80C304FF00003199314BF04F1D5
:107FA000FF332346029305934FF6FF73009104912C
:107FB000ADF80E3069461E9B00F0A6FA431CBCBF0C
:107FC0008B232B60002CE0D0009B00221A70DCE792
:107FD00007B5009313460A46014603480068FFF7B9
:107FE000C9FF03B05DF804FB20000020F8B50E4681
:107FF0001446054618B1036A0BB9FFF74BFEA36997
:10800000A360A3891A0701D5236943B921462846ED
:1080100000F02AF818B14FF0FF373846F8BD236852
:108020002269981A6369F6B28342374605DC214615
:10803000284601F0DBF90028EDD1A368013BA360DD
:1080400023685A1C22601E706269431C9A4204D045
:10805000A389DB07E1D50A2EDFD12146284601F0AE
:10806000C5F90028D9D0D6E738B5284B0546186899
:108070000C4618B1036A0BB9FFF70CFEB4F90C30CB
:108080001A0721D4D80607D409222A6043F04003F6
:10809000A3814FF0FF3030E0590712D5616B41B139
:1080A00004F14403994202D0284600F0D5F8002399
:1080B00063630022B4F90C3062602269226023F00D
:1080C000240343F00803A38122693AB99A0501D534
:1080D000180603D52146284601F0D4F9B4F90C302E
:1080E00013F001020AD00022A26062695242A2612A
:1080F000226942B913F08000C8D138BD990758BF32
:108100006269A260F4E70020F7E700BF20000020CA
:1081100002440346934200D1704703F8011BF9E77C
:1081200010B56AB10139841810F8012B11F8013F1C
:108130009A4203D1A04201D0002AF5D1D01A10BD35
:108140001046FCE738B5064D0023044608462B6070
:10815000FAF700F8431C02D12B6803B1236038BD45
:1081600080D6002038B5074D044608461146002247
:108170002A601A46F9F7F8FF431C02D12B6803B1B5
:10818000236038BD80D6002038B5074D0446084628
:10819000114600222A601A46F9F7BEFF431C02D19D
:1081A0002B6803B1236038BD80D6002038B5074D59
:1081B00004460846114600222A601A46F9F7BCFF19
:1081C000431C02D12B6803B1236038BD80D6002048
:1081D000014B1868704700BF2000002070B50D4BA0
:1081E0000D4D5B1B9C100026A64209D101F0E0FC5E
:1081F0000A4D0B4B5B1B9C100026A64205D170BD9F
:1082000055F8043B98470136EEE755F8043B98478C
:108210000136F2E71CA700081CA700081CA70008ED
:1082200020A70008704770477047034611F8012BDC
:1082300003F8012B002AF9D170470A44914200F15A
:10824000FF3300D1704710B511F8014B03F8014F0F
:108250009142F9D110BD000038B50546002941D042
:1082600051F8043C0C1F002BB8BFE41800F0E0F8F4
:108270001D4A136833B9636014602846BDE838406E
:1082800000F0DCB8A34208D9206821188B4201BF56
:1082900019685B6809182160EDE71A465B680BB145
:1082A000A342FAD911685018A0420BD120680144AA
:1082B000501883421160E0D118685B68536008442D
:1082C0001060DAE702D90C232B60D6E7206821186A
:1082D0008B4204BF19685B68636004BF09182160A2
:1082E0005460CAE738BD00BF8CD6002070B50F4E71
:1082F0000C463168054611B901F0ACF930602146F1
:10830000284601F0A7F9431C03D14FF0FF34204663
:1083100070BDC41C24F00304A042F8D0211A2846E2
:1083200001F098F90130F2D1EFE700BF88D60020C4
:108330002DE9F843CD1C25F0030508350C2D38BF79
:108340000C25002D064601DBA94204D90C2333601D
:108350000020BDE8F883DFF8D48000F069F8D8F891
:1083600000301C4644BB29463046FFF7BFFF431C84
:10837000044658D1D8F800402746002F43D1002C9E
:108380004BD023683946304604EB030901F062F90B
:10839000814542D121686D1A29463046FFF7A6FF74
:1083A00001303AD023682B442360D8F800305A6853
:1083B00062BBC8F800700FE02268521B20D40B2A61
:1083C00017D96119A342256018BF5960636808BFB7
:1083D000C8F8001062514B60304600F02FF804F1ED
:1083E0000B00231D20F00700C21A1CBF1B1AA3504C
:1083F000AFE76268A3420CBFC8F800205A60EBE701
:1084000023466468AEE73C467F68B6E71A465B6879
:10841000A342FBD100235360DEE70C2333603046D8
:1084200000F00CF894E70560D6E700BF8CD600207A
:108430000148FFF7F8BE00BF84D600200148FFF7CF
:10844000F3BE00BF84D600202DE9F0478E681F469A
:10845000BE4282460C469046334653D8B1F90C00D2
:1084600010F4906F2BD065692368096905EB450509
:10847000A3EB010905EBD5757B1C6D104B44AB429A
:108480002A4684BF1D462A46430527D51146504635
:10849000FFF74EFF064658B321694A46FFF7CDFE67
:1084A000A38923F4906343F08003A381266165616F
:1084B0004E44A5EB09052660A5603E463B461F4697
:1084C00020683A46414601F089F8A3689B1BA360E7
:1084D00023683B4423600020BDE8F087504601F04C
:1084E000C9F806460028E1D121695046FFF7B4FEDD
:1084F0000C23CAF80030A38943F04003A3814FF056
:10850000FF30E9E73E46DBE72DE9F04F98468B89DF
:108510001B069DB007460D46144610D50B6973B96E
:108520004021FFF705FF2860286130B90C233B602C
:108530004FF0FF301DB0BDE8F08F40236B6100238A
:10854000099320238DF82930CDF80C803023DFF8F3
:108550009C818DF82A304FF0010923469A4613F882
:10856000012B0AB1252AF9D1BAEB040B0BD05B46DB
:10857000224629463846FFF767FF013000F0A78002
:10858000099A5A4409929AF80030002B00F09F8013
:1085900000234FF0FF32CDE905230AF1010A0493CD
:1085A00007938DF853301A935446052214F8011B93
:1085B0004E48F7F72DFE049AD8B9D00644BF2023C1
:1085C0008DF85330110744BF2B238DF853309AF8A0
:1085D00000302A2B15D0079A544600204FF00A0C81
:1085E000214611F8013B303B092B4BD9B0B1079222
:1085F00014E0A0EB080309FA03F313430493A24623
:10860000D2E7039B191D1B680391002BBBBF5B4284
:1086100042F0020207930793B8BF049223782E2BEF
:108620000AD163782A2B32D1039B1A1D1B6803924F
:1086300043EAE37302340593DFF8C0A021780322F4
:108640005046F7F7E5FD38B1049BA0EB0A00402245
:10865000824013430134049314F8011B24488DF81D
:1086600028100622F7F7D4FD002836D0214B1BBB7B
:10867000039B073323F0070308330393099B334419
:1086800009936AE70CFB02320C460120A8E700239D
:108690000134059319464FF00A0C204610F8012BBF
:1086A000303A092A03D9002BC6D00591C4E70CFB48
:1086B000012104460123F0E703AB00932A460E4B49
:1086C00004A93846AFF30080421C0646D6D1AB89D8
:1086D0005B063FF52DAF09982CE703AB00932A46C4
:1086E000054B04A9384600F093FBEDE7C4A500084C
:1086F000CEA500080000000049840008CAA50008B3
:1087000038B54B1C144603D14FF0FF35284638BD11
:10871000938923F020039381636B5268CDB28BB1B0
:10872000A36B934208DD23685A1E226003F8015CA4
:10873000636801336360E9E7214600F015FF002814
:10874000F1D0E1E72169236851B1994208D213F8C9
:10875000011CA94204D1013B013223606260D5E7CC
:10876000C4E90F3204F1440363630323A363234684
:1087700003F8465F23600123DCE710B50C46496B24
:1087800069B104F14403994201D0FFF765FD236C00
:1087900063600020606313B1E36B236010BD236945
:1087A000236000236360A38943F02003A3814FF07B
:1087B000FF30F3E72DE9F04FADF5237D41AC0D46D9
:1087C0000021C4E9031101A96161AF49C4F87C111A
:1087D000DFF8C4B2AD49C4F880110746E8460093FB
:1087E00092F80090B9F1000F00F060811BF8093099
:1087F00013F0080302F101061BD06B68002B10DD9B
:108800002B681A781BF80220120701D43246E7E7DA
:108810002269013222616A680133013A6A602B6081
:10882000EBE7D4F880312946384698470028E7D04E
:10883000ECE7B9F1250F40F084802360A360537802
:108840002A2B02BF1023961C23600A22B2461AF874
:10885000011BA1F13003092B1DD98D4B03221846B2
:10886000F7F7D6FC38B18A4B2268C01A012383403F
:1088700013432360564616F8013B782B06D8572B36
:1088800010D8252B5DD057D8002B76D00323A361B9
:108890000A23636089E0A36802FB03113039A160F9
:1088A0005646D3E7A3F15802202AEFD801A151F888
:1088B00022F000BF898900088D8800088D88000893
:1088C000E58900088D8800088D8800088D880008DB
:1088D0008D8800088D8800088D8800088D88000824
:1088E000FB890008E18900083F8900083F890008EA
:1088F0003F8900088D8800089B8900088D88000842
:108900008D8800088D8800088D8800080B8A000873
:10891000A3890008818900088D8800088D880008D7
:10892000078A00088D880008E18900088D88000802
:108930008D88000889890008453B022BA6D80523AD
:1089400032E06B68002B0DDD2B681A784A4540F049
:10895000AD8001336A682B602369013A01336A6094
:10896000236153E7D4F880312946384698470028D8
:10897000EAD0E068002840F091804FF0FF3091E0AD
:10898000226842F020022260226842F400722260D3
:1089900010226E2B626006D801E00023636003237F
:1089A00002E0082363600423A3616B68002B3CDDB5
:1089B0002368590605D42B681A781BF80220120781
:1089C0003BD4A369022B4BDC43462A46214638465A
:1089D00000F03EFB012869D002287FF417AFC8E7FA
:1089E0000A22D6E7314601A800F085FD236843F04E
:1089F0004003236006460123D6E7236843F0400383
:108A000023600023D0E70223CEE72068C3063FF5AA
:108A1000FDAED8F800302269191DC8F800101B6897
:108A2000C0074CBF1A801A60F0E6D4F8803129469E
:108A3000384698470028BBD09BE722690132226163
:108A40006A68013A002A6A6002DD01332B60B2E7EE
:108A5000D4F880312946384698470028ABD088E7BB
:108A6000042B06DC43462A462146384600F04AFBE2
:108A7000B0E7084B002B3FF4C9AE43462A462146D7
:108A80003846AFF30080A5E7018700087B87000820
:108A9000CAA500080000000013A60008AB895B0609
:108AA0003FF56BAF0DF5237DBDE8F08FE068F9E78A
:108AB0009368013B002B10B4936008DA9469A342D9
:108AC00001DB0A2903D15DF8044BFFF78FBA136865
:108AD000581C1060197008465DF8044B7047F8B5D3
:108AE00006460F461446D518AC4201D1002007E0D7
:108AF00014F8011B3A463046FFF7DAFF431CF3D166
:108B0000F8BD00002DE9F04F0D469DB01446984683
:108B1000064618B1036A0BB9FFF7BCF86B6ED907AC
:108B200005D4AB899A0502D4A86DFFF77CFBAB890D
:108B30001B0701D52B699BB929463046FFF794FAEC
:108B400070B16B6EDC0704D54FF0FF301DB0BDE88F
:108B5000F08FAB899805F7D4A86DFFF765FBF3E7B5
:108B60000023099320238DF82930CDF80C80302381
:108B7000DFF8AC818DF82A304FF0010923469A4680
:108B800013F8012B0AB1252AF9D1BAEB040B0BD04B
:108B90005B46224629463046FFF7A1FF013000F030
:108BA000A780099A5A4409929AF80030002B00F0E5
:108BB0009F8000234FF0FF32CDE905230AF1010A1F
:108BC000049307938DF853301A935446052214F8F2
:108BD000011B5348F7F71CFB049AD8B9D10644BFD0
:108BE00020238DF85330130744BF2B238DF85330C7
:108BF0009AF800302A2B15D0079A544600204FF0DF
:108C00000A0C214611F8013B303B092B4BD9B0B17E
:108C1000079214E0A0EB080309FA03F3134304934B
:108C2000A246D2E7039B191D1B680391002BBBBF13
:108C30005B4242F0020207930793B8BF0492237885
:108C40002E2B0AD163782A2B32D1039B1A1D1B6865
:108C5000039243EAE37302340593DFF8D4A021784A
:108C600003225046F7F7D4FA38B1049BA0EB0A0070
:108C70004022824013430134049314F8011B294815
:108C80008DF828100622F7F7C3FA00283FD0264BAC
:108C90001BBB039B073323F0070308330393099B94
:108CA0003B4409936AE70CFB02320C460120A8E71B
:108CB00000230134059319464FF00A0C204610F8A2
:108CC000012B303A092A03D9002BC6D00591C4E7FD
:108CD0000CFB012104460123F0E703AB00932A4675
:108CE000124B04A93046AFF300800746781CD6D15A
:108CF0006B6ED90705D4AB899A0502D4A86DFFF72E
:108D000093FAAB895B063FF51FAF09981EE703ABEB
:108D100000932A46054B04A9304600F079F8E4E7B1
:108D2000C4A50008CEA5000800000000DF8A0008E6
:108D3000CAA500082DE9F047164698468A680B69CF
:108D4000DDF820909342B8BF1346336091F843207A
:108D500007460C460AB1013333602368990642BFC7
:108D6000336802333360256815F0060506D104F137
:108D7000190AE36832689B1AAB4226DC94F8433048
:108D80002268003B18BF012392062BD404F1430252
:108D900041463846C84701301ED02368226903F097
:108DA0000603042B02BFE5683368ED1AA3680CBF05
:108DB00025EAE57500259342C4BF9B1AED180026ED
:108DC0001A34B5421AD1002008E001235246414628
:108DD0003846C847013003D14FF0FF30BDE8F08777
:108DE0000135C6E7E1185A1C302081F843002244BF
:108DF00094F8451082F843100233C7E70123224656
:108E000041463846C8470130E6D00136D9E7000070
:108E10002DE9FF470F7E0C9E782F914680460C4629
:108E20009A4601F1430207D8622F0AD8002F00F0BA
:108E3000D280582F00F0B78004F1420684F84270C7
:108E40003AE0A7F16303152BF6D801A151F823F0FE
:108E5000A98E0008BD8E0008398E0008398E0008E2
:108E6000398E0008398E0008BD8E0008398E000842
:108E7000398E0008398E0008398E0008BD8F000831
:108E8000E78E0008738F0008398E0008398E0008BD
:108E9000DF8F0008398E0008E78E0008398E000841
:108EA000398E00087B8F000833681A1D1B683260FA
:108EB00004F1420684F8423001239DE033682068C3
:108EC000191D3160060601D51D6803E04506FBD576
:108ED000B3F90050002D03DA2D236D4284F843309E
:108EE00059480A2310E021683368080653F8045BE8
:108EF00002D4490648BFADB26F2F5348336059D1F1
:108F00000823002184F843106668A660002E05DB64
:108F100021682E4321F0040121604DD01646B5FB97
:108F2000F3F103FB1157C75D06F8017D2F46BB42E5
:108F30000D46F4D9082B0BD12368DF0708D5236928
:108F400061689942DEBF302306F8013C06F1FF3626
:108F5000921B2261CDF800A04B4603AA2146404651
:108F6000FFF7E8FE01304CD14FF0FF3004B0BDE810
:108F7000F087236843F0200323603448782784F87F
:108F80004570236831681F0651F8045B02D45F0600
:108F900048BFADB23160D90744BF43F0200323601E
:108FA0001DB11023ADE72848E9E7236823F020032B
:108FB0002360F6E70A23A4E71646BBE73368256873
:108FC0006169181D30602E061B6801D5196002E02A
:108FD0006806FBD51980002323611646BAE733687B
:108FE0001A1D32601E68626800213046F7F710F9DA
:108FF00008B1801B606063682361002384F84330FC
:10900000A8E72369324649464046D0470130ABD0F5
:1090100023689B0713D4E068039B9842B8BF1846A7
:10902000A4E70123324649464046D04701309BD051
:109030000135E36803995B1AAB42F2DCEBE70025EC
:1090400004F11906F5E700BFD5A50008E6A500085C
:109050002DE9F84315468A6880460C4632B98A697C
:10906000002A14BF4FF0FF3201228A602268DFF825
:109070009090D1065FBF1A68111D1960166800270D
:10908000A06988B1012807D12B681A7863699B5CB5
:1090900053B9002F31D022E0022820D12B681B7851
:1090A00019F803301B071AD42368DA065EBF2B6851
:1090B0001B7806F8013B2A686B6801322A60A268B7
:1090C000013B013A6B600137A26042B1002BD7DC53
:1090D000D4F880312946404698470028D0D02368EC
:1090E00013F0100305D1E2680132E260A26902B117
:1090F000337023693B4423610020BDE8F88300BF3F
:1091000013A600082DE9F04F9846734B0C46824693
:10911000164693E8070087B003AB83E807006F4B60
:10912000A1696F4A032908BF1A46A36801925A1E13
:10913000B2F5AE7F88BF6FF4AE75274682BF03EBF2
:10914000050940F25D13A36057F81C3B43F45063DC
:1091500098BF4FF0000923603D464FF0000B316887
:1091600003AB097853F82B000222F7F751F828B324
:10917000BBF1010F58D162682AB92268082142F474
:10918000007261602260226822F4A0622260A268FC
:10919000511EA16092B13268511C3160127805F8FD
:1091A000012B7268013A002A726007DCD4F8802132
:1091B000314650469047002840F083800BF1010B68
:1091C000BBF1030FCBD1616809B90A216160454B3E
:1091D0006069591A00F08FF94FF0000BA3682268FC
:1091E000002B3DD03168606991F800C010F80C0088
:1091F000002835D0BCF1300F24D1100522D50BF159
:10920000010BB9F1000F03D0013309F1FF39A3605D
:109210007368013B002B73601BDD336801333360DF
:10922000A368013BA360D9E7BBF1020FAFD122686D
:1092300002F4C061B1F5007FC5D11021616042F434
:109240008072A3E722F4106222600B7805F8013BDC
:10925000DEE7D4F880313146504698470028DFD009
:109260002368DB050DD5BD4209D915F8011CD4F8DA
:109270007C3132465046984705F1FF394D46BD4294
:1092800027D0226812F0100212D12A706368019E62
:1092900039465046B047D8F8003021681A1DC8F842
:1092A00000208E061B680FD51860E3680133E36069
:1092B0002369ED1B5D442B442361002007B0BDE80A
:1092C000F08F4FF0000BCBE7CA074CBF1880186037
:1092D000EBE70120F2E700BF389C0008C5970008C3
:1092E000A598000807A60008B1F90C202DE9F04167
:1092F000160705460C4651D44B68002B02DC0B6C5C
:10930000002B49DDE66A002E46D0002312F480527D
:109310002F682B6031D0626DA389590705D563682A
:10932000D21A636B0BB1236CD21A0023E66A216A4E
:109330002846B047421CB4F90C3006D129681D29D3
:1093400046D8294ACA40D60742D500226260D904CD
:109350002269226004D5421C01D12B6803B96065E3
:10936000616B2F60C1B104F14403994202D02846D9
:10937000FEF772FF002363630EE0216A0123284693
:10938000B0470246501CC7D12B68002BC4D01D2B00
:1093900001D0162B1AD12F6000201EE00F69002F7C
:1093A000FAD093070E6808BF4B690F6018BF0023FF
:1093B000A6EB07088B60B8F1000FEDDD216AA66A05
:1093C00043463A462846B047002808DCB4F90C303A
:1093D00043F04003A3814FF0FF30BDE8F081074424
:1093E000A8EB0008E7E700BF0100402038B50B6993
:1093F00005460C4613B90025284638BD18B1036A46
:109400000BB9FEF747FCB4F90C30002BF3D0626EB9
:10941000D00704D4990502D4A06DFEF704FF2846B6
:109420002146FFF761FF636EDA070546E4D4A3899E
:109430009B05E1D4A06DFEF7F7FEDDE770B50C46A5
:10944000B1F90E10002996B015461E460ADAA18918
:1094500011F0800113D14FF48062002031602A6046
:1094600016B070BD6A4600F0D3F80028EFDB019912
:1094700001F47041A1F5005359425941EBE7002135
:109480004022EAE78B8973B59E0705460C4607D54F
:1094900004F14703236023610123636102B070BDBF
:1094A00001AB6A46FFF7CAFF009E28463146FEF729
:1094B0003FFFB4F90C3038B99A05EFD423F0030319
:1094C00043F00203A381E3E743F08003A381019B00
:1094D0002060C4E90406002BE0D0B4F90E10284641
:1094E00000F0A8F80028D9D0A38923F0030343F0A3
:1094F0000103A381D2E770B50B7804465E2B0BBF46
:109500004B784A1C8A1C002108BF0121013804F154
:10951000FF0500F8011FA842FBD10BB9501E70BD1A
:1095200081F00101E1541046024612F8015B2D2D35
:1095300005D05D2D16D0002DF1D02B46F2E74678F0
:109540005D2EFAD0B342F8DC02301A460132964260
:10955000A154FBDCF21A013AB342A8BF0022013346
:109560001344E1E71046DAE72DE9F0410C46496B78
:1095700004F1440399421DD14FF48061FEF7D8FEF7
:1095800018B94FF0FF30BDE8F0814FF48063A3635A
:1095900094F84630606380F8FF3394F8453080F8E3
:1095A000FE3394F8443080F8FD3300F2FD30206043
:1095B0000020E8E7A66B77003A4600F05BF8054626
:1095C0000028DED000EB0608014632464046FEF792
:1095D00034FEC4E90D57C4F80080E9E7884210B5AD
:1095E00001EB020402D98442234607D8431EA1425C
:1095F00007D011F8012B03F8012FF8E7024482424B
:1096000000D110BD13F8011D02F8011DF7E700009D
:1096100038B5074D00230446084611462B60F8F77D
:109620009CFD431C02D12B6803B1236038BD00BFF1
:1096300080D6002038B5064D0023044608462B602E
:10964000F8F790FD431C02D12B6803B1236038BDAD
:1096500080D6002038B5064D0023044608462B600E
:10966000F8F784FD431C02D12B6803B1236038BD99
:1096700080D600202DE9F041074614460D4621B959
:10968000BDE8F0411146FEF753BE2AB9FEF7E4FDEE
:1096900025462846BDE8F08100F006F984420646DA
:1096A00002D8B4EB500FF4D821463846FEF740FEFE
:1096B000804608B94546ECE7B4422246294628BF11
:1096C0003246FEF7BAFD29463846FEF7C5FDF1E7FA
:1096D000242B2DE9F0478646904601D8012B06D170
:1096E000FEF776FD162303600020BDE8F0873448BE
:1096F0000D462A4615F8014B065D16F00806F8D10E
:109700002D2C10D12C780126951C33F0100215D188
:10971000302C0DD12A7802F0DF02582A08D16C785B
:10972000023510230AE02B2C04BF2C78951CECE7A3
:10973000002BF6D1302C14BF0A23082306F1004C6D
:109740000CF1FF3C0022BCFBF3F9104603FB19CAE5
:10975000A4F13007092F0FD83C46A3421BDD571C4C
:1097600007D0814514D301D1A24511DB00FB034092
:10977000012215F8014BEBE7A4F14107192F01D89D
:10978000373CEAE7A4F16107192F04D8573CE4E716
:109790004FF0FF32EDE7531C08D12223CEF8003002
:1097A0006046B8F1000FA0D0691E06E006B1404245
:1097B000B8F1000F99D0002AF6D1C8F8001094E74C
:1097C00013A60008FFF784BF2DE9F043344E864608
:1097D0000D46284615F8014B375D17F00807F8D1FC
:1097E0002D2C10D12C780127851C33F0100015D1B9
:1097F000302C0DD1287800F0DF00582808D16C7883
:10980000023510230AE02B2C04BF2C78851CECE7D2
:10981000002BF6D1302C14BF0A2308234FF0FF3859
:109820000026B8FBF3F803FB08F96FEA0909304694
:10983000A4F1300CBCF1090F10D86446A3421EDD20
:10984000B6F1FF3F07D0804516D301D1A14513DB08
:1098500000FB0340012615F8014BE9E7A4F1410C98
:10986000BCF1190F01D8373CE8E7A4F1610CBCF159
:10987000190F04D8573CE1E74FF0FF36EBE7731CB4
:1098800006D12223CEF80030304632B9BDE8F0834D
:1098900007B14042002AF9D006B1691E1160F5E710
:1098A00013A60008FFF790BF51F8043C181F002BC7
:1098B000BCBF0B58C01870472DE9F047089D0F46F4
:1098C00004468C46002B48D18A42164661D9B2FA2A
:1098D00082F34BB1C3F1200201FA03FC20FA02F239
:1098E0009E4042EA0C0C9C404FEA164EB7B2BCFBBD
:1098F000FEF1220C0EFB11CC42EA0C4201FB07F0F8
:10990000904209D9B21801F1FF3C80F0EE809042FC
:1099100040F2EB8002393244121AA4B2B2FBFEF0DC
:109920000EFB102244EA024400FB07F7A74209D9C4
:10993000341900F1FF3280F0DA80A74240F2D7807C
:109940003444023840EA0140E41B00211DB1DC40F0
:109950000023C5E90043BDE8F0878B4206D90DB16D
:10996000C5E9000100210846BDE8F087B3FA83F19C
:10997000002948D1BB4202D3824200F20781841AF7
:1099800067EB030201209446002DE4D0C5E9004CAA
:10999000E1E7002A00F09280B2FA82F3002B40F057
:1099A000A8808A1A4FEA164E1FFA86FC0121200C65
:1099B000B2FBFEF70EFB172240EA02420CFB07F057
:1099C000904207D9B21807F1FF3802D2904200F254
:1099D000E2804746121AA4B2B2FBFEF00EFB102240
:1099E00044EA02440CFB00FCA44507D9341900F1F9
:1099F000FF3202D2A44500F2CB801046A4EB0C0447
:109A000040EA0740A2E7C1F120068B4022FA06FC9B
:109A10004CEA030C07FA01F420FA06F3F7404FEA88
:109A20001C49234300FA01F81FFA8CFEB7FBF9F03A
:109A30001C0C09FB107744EA074400FB0EF7A74211
:109A400002FA01F20AD91CEB040400F1FF3A80F09B
:109A50009B80A74240F2988002386444E41B9FB286
:109A6000B4FBF9F309FB134447EA044403FB0EFE7D
:109A7000A64509D91CEB040403F1FF3780F082806E
:109A8000A6457FD9023B644443EA0040A4EB0E04A0
:109A9000A0FB02E7BC427346B94663D360D05DB118
:109AA000B8EB030264EB090404FA06F622FA01F3A8
:109AB0001E43CC40C5E9006400214CE76208480819
:109AC00042EAC1710B0C43EA00438AB242EA034204
:109AD000B3FBF6F1E407B4463746B6461F23B0FBA6
:109AE000F6F0D21B41EA004161E7614614E71046F7
:109AF00028E7C3F1200120FA01F29E4027FA01F184
:109B00009F403A434FEA164E1FFA86FCB1FBFEF720
:109B10000EFB1710110C41EA004107FB0CF88845B9
:109B200004FA03F43AD9711807F1FF3001D28845DD
:109B30001FD8A1EB0801B1FBFEF808FB0CF70EFBE8
:109B4000181192B242EA0142BA422FD2B21808F179
:109B5000FF31C6D2BA42C4D2A8F102013244C0E7F2
:109B6000F0459CD2BEEB020367EB0C070138B94607
:109B700095E7A6EB08084144B81EB1FBFEF808FBC8
:109B80000CF7DCE73B467FE7504667E70846FBE615
:109B90003444023832E7023F32441BE7A1EB0801AC
:109BA0003846B1FBFEF808FB0CF7C8E7414698E7DA
:109BB000F8B500BFF8BC08BC9E467047F8B500BFBA
:089BC000F8BC08BC9E4670478A
:109BC80080A40008551300080000000000000000F1
:109BD80000010000000000000000000070A4000860
:109BE800F50B0008FEFF000000000000E80300007D
:109BF800000000000000000064A400081D0C00081C
:109C0800FEFF000000000000E80300000000000064
:109C18000000000058A40008DD0300080000000050
:109C280000000000E8030000000000000000000041
:109C380009A600080CA600080FA600085374616363
:109C48006B206F766572666C6F7720666F72207412
:109C580061736B2025730A000A0A48494C5F6F6ECE
:109C6800626F617264696E6720626F6F74696E6794
:109C78000000000046696E69736865642075736545
:109C88007220696E697400005374617274696E673A
:109C980020757021210A0000257500005374657035
:109CA800206D7573742062652061206477656C6C23
:109CB80020696E206D732C203020746F2025750A62
:109CC8000000000044414320777269746520666192
:109CD800696C65640A000000436F6465203078256C
:109CE8003033580A0000000025780000436F64658F
:109CF800206D75737420626520612031322062699D
:109D080074206865782076616C75652C2030783011
:109D1800303020746F2030784646460A0000000034
:109D280053657420444143206F75747075742074B2
:109D38006F20636F6465203078253033580A00003F
:109D4800566F6C74616765206D7573742062652049
:109D5800696E206D696C6C69766F6C74732C203039
:109D680020746F2025750A005365742044414320F0
:109D78006F757470757420746F202575206D560A80
:109D8800000000004E6F20726573706F6E7365205F
:109D980066726F6D20746865204441432C206368A7
:109DA80065636B20776972696E672C2070756C6CBF
:109DB8002075707320616E6420627573206E756DF6
:109DC8006265720A000000004441432061636B6EC3
:109DD8006F776C65646765640A00000042757320DC
:109DE8006D757374206265206265747765656E2091
:109DF8003120616E642025640A000000466F756E8C
:109E08006420646576696365206174203078253044
:109E180032580A005363616E20636F6D706C65740D
:109E2800650A0000693263446163536574436F6473
:109E380065000000693263446163536574436F646D
:109E480065203C636F64653E3A0D0A2020536574B3
:109E58002074686520636F6E666967757265642033
:109E68004D435034373238206F75747075742074D0
:109E78006F206120313220626974206865786164DE
:109E88006563696D616C20636F64650D0A0000008D
:109E980069326344616352616D70000069326344E2
:109EA800616352616D70203C6D733E3A0D0A20204B
:109EB800537765657020746865204D435034373298
:109EC800382066726F6D207A65726F20746F206615
:109ED800756C6C207363616C652C206477656C6CA1
:109EE800696E67203C6D733E20617420656163680C
:109EF80020737465700D0A006932634461635365A9
:109F080074566F6C746167650000000069326344C1
:109F18006163536574566F6C74616765203C6D5658
:109F28003E3A0D0A202053657420746865204D431D
:109F38005034373238206F757470757420746F2000
:109F48006120766F6C7461676520696E206D696C3D
:109F58006C69766F6C74730D0A0000006932634493
:109F6800616350726F626500693263446163507265
:109F78006F62653A0D0A2020436865636B20746838
:109F8800617420746865204D43503437323820613D
:109F9800636B6E6F776C6564676573206F6E20699D
:109FA800747320636F6E6669677572656420627585
:109FB800730D0A006932635363616E00693263533B
:109FC80063616E203C6275733E3A0D0A202053632C
:109FD800616E20493243203C6275733E2028312D42
:109FE800332920616E64206C69737420746865205D
:109FF80037206269742061646472657373657320C5
:10A008007468617420726573706F6E640D0A000065
:10A018004661696C656420746F20696E6974207587
:10A028006172744275732C206E6F20525820444D13
:10A0380041206C696E6B656420746F2074686520BC
:10A04800646562756720554152540A00525820448D
:10A058004D41206973206E6F742043697263756C7B
:10A0680061722C2073657420697420746F204369B1
:10A078007263756C617220696E20437562654D5814
:10A088000A000000525820444D4120686173207432
:10A098006865204649464F20656E61626C65642C90
:10A0A8002073657420446972656374206D6F6465FC
:10A0B80020696E20437562654D58206F72206E6F5F
:10A0C800206368617261637465722077696C6C20C3
:10A0D80065766572206172726976650A0000000013
:10A0E8004661696C656420746F2070726F626520C8
:10A0F800493243206275732025642C2062616420F4
:10A10800617267756D656E740A00000048494C5F9E
:10A118006F6E626F617264696E67207374616E64DA
:10A12800616C6F6E65206275696C642C2053657074
:10A1380020323420323032362030333A35383A3013
:10A14800380A00005461736B09094162732074690D
:10A158006D650950657263656E740D0A0000000034
:10A168005461736B09095374617465095072690904
:10A17800537461636B094E756D0D0A004865617013
:10A18800206672656520256C752062797465732C6C
:10A19800206D696E696D756D2065766572206672D1
:10A1A800656520256C752062797465730A00000066
:10A1B8000D0A48494C5F6F6E626F617264696E6721
:10A1C800207374616E64616C6F6E652C20627569B2
:10A1D8006C7420536570203234203230323620308F
:10A1E800333A35383A30380D0A5479706520686545
:10A1F8006C7020746F206C69737420746865736563
:10A2080020616761696E0D0A0D0A000068656C704F
:10A21800000000003E200000082008004661696C2C
:10A22800656420746F20737461727420746865208B
:10A2380072756E2074696D6520737461747320740F
:10A24800696D65720A00000076657273696F6E0049
:10A2580076657273696F6E3A0D0A20205072696EC6
:10A268007420746865206669726D77617265206212
:10A2780075696C64206964656E7469666965720DD8
:10A288000A000000726573657400000072657365EA
:10A29800743A0D0A2020526573657420746865202D
:10A2A8006D6963726F636F6E74726F6C6C65720D3B
:10A2B8000A000000737461747300000073746174A1
:10A2C800733A0D0A20205072696E742070657220EE
:10A2D8007461736B2072756E2074696D6520737478
:10A2E80061746973746963730D0A00007461736B38
:10A2F8004C697374000000007461736B4C6973746B
:10A308003A0D0A20204C69737420657665727920AD
:10A318007461736B2077697468206974732073742F
:10A3280061746520616E64206D696E696D756D205C
:10A338006672656520737461636B0D0A0000000026
:10A348006865617000000000686561703A0D0A2058
:10A35800205072696E74206672656520616E642093
:10A368006D696E696D756D206576657220667265BA
:10A378006520686561700D0A000000002573000003
:10A38800436F6D6D616E64206E6F74207265636FCC
:10A39800676E697365642E20456E74657220276840
:10A3A800656C702720746F207365652061206C6967
:10A3B8007374206F6620617661696C61626C6520D8
:10A3C800636F6D6D616E64732E0D0A00496E636F65
:10A3D800727265637420636F6D6D616E6420706165
:10A3E80072616D657465722873292E20456E7465D7
:10A3F80072202768656C702720746F20736565204C
:10A4080061206C697374206F6620617661696C6184
:10A41800626C6520636F6D6D616E64732E0D0A004A
:10A4280068656C703A0D0A20204C6973747320615A
:10A438006C6C2074686520726567697374657265F1
:10A448006420636F6D6D616E64730D0A0000000017
:10A458006D61696E5461736B00000000636C695430
:10A4680061736B4E616D65007072696E74546173CF
:10A478006B4E616D6500000064656661756C7454AF
:10A4880061736B0049444C450000000009256309CD
:10A4980025750925750925750D0A00000925750911
:10A4A80009257525250D0A0009257509093C312559
:10A4B800250D0A0010A5000800A50008D0A4000872
:10A4C800F0A40008E0A400082C9E00083C9E0008A8
:10A4D8000D05000801000000989E0008A49E0008D1
:10A4E8003904000801000000009F0008149F0008BC
:10A4F800A505000801000000649F0008709F00087F
:10A508000906000800000000BC9F0008C49F00085E
:10A518003906000801000000526573657474696E9D
:10A52800670D0A0080A5000870A5000860A500084E
:10A5380050A5000840A5000850A2000858A200082D
:10A54800E90A0008000000008CA2000894A2000894
:10A55800010A000800000000BCA20008C4A200080C
:10A56800F90A000800000000F4A2000800A300088F
:10A57800190B00080000000048A3000850A30008B9
:10A58800390B00080000000014A2000828A40008E5
:10A59800B50D0008000000000600000000000000E3
:10A5A800010203040000000000000000010203048F
:10A5B800060708090006101600061016232D302B72
:10A5C8002000686C4C0065666745464700303132AC
:10A5D8003334353637383941424344454600303103
:10A5E8003233343536373839616263646566004121
:10A5F8002D46612D66383930313233343536375D82
:10A60800002B2D003030007858000020202020201A
:10A61800202020202828282828202020202020200A
:10A6280020202020202020202020208810101010FA
:10A63800101010101010101010101004040404044E
:10A64800040404040410101010101010414141417A
:10A658004141010101010101010101010101010162
:10A668000101010101011010101010104242424274
:10A678004242020202020202020202020202020232
:10A688000202020202021010101020000000000056
:10A6980000000000000000000000000000000000B2
:10A6A80000000000000000000000000000000000A2
:10A6B8000000000000000000000000000000000092
:10A6C8000000000000000000000000000000000082
:10A6D8000000000000000000000000000000000072
:10A6E8000000000000000000000000000000000062
:10A6F8000000000000000000000000000000000052
:0CA7080000000000000000000000000045
:08A71400EC5AFF7F0100000078
:04A71C004D030008E1
:04A720002503000805
:10A72400080000000024F4000100000010000000F4
:10A73400AAAAAAAA000000000300000044D5002031
:10A74400240000200000000044D50020ACD50020E7
:10A7540014D60020000000000000000000000000EB
:10A7640000000000000000000000000000000000E5
:10A7740000000000000000000000000000000000D5
:10A7840000000000000000000000000000000000C5
:0400000508007B254F
:00000001FF
